date,dish,orders_count,lag_1,lag_7,rolling_mean_7,day_of_week,month
2026-01-24,Butter Chicken,59,53.0,60.0,49.142857142857146,5,1
2026-01-25,Butter Chicken,53,59.0,56.0,49.0,6,1
2026-01-26,Butter Chicken,42,53.0,43.0,48.57142857142857,0,1
2026-01-27,Butter Chicken,44,42.0,44.0,48.42857142857143,1,1
2026-01-28,Butter Chicken,45,44.0,45.0,48.42857142857143,2,1
2026-01-29,Butter Chicken,47,45.0,43.0,48.42857142857143,3,1
2026-01-30,Butter Chicken,55,47.0,53.0,49.0,4,1
2026-01-31,Butter Chicken,65,55.0,59.0,49.285714285714285,5,1
2026-02-01,Butter Chicken,46,65.0,53.0,50.142857142857146,6,2
2026-02-02,Butter Chicken,41,46.0,42.0,49.142857142857146,0,2
2026-02-03,Butter Chicken,40,41.0,44.0,49.0,1,2
2026-02-04,Butter Chicken,44,40.0,45.0,48.42857142857143,2,2
2026-02-05,Butter Chicken,38,44.0,47.0,48.285714285714285,3,2
2026-02-06,Butter Chicken,45,38.0,55.0,47.0,4,2
2026-02-07,Butter Chicken,52,45.0,65.0,45.57142857142857,5,2
2026-02-08,Butter Chicken,42,52.0,46.0,43.714285714285715,6,2
2026-02-09,Butter Chicken,38,42.0,41.0,43.142857142857146,0,2
2026-02-10,Butter Chicken,38,38.0,40.0,42.714285714285715,1,2
2026-02-11,Butter Chicken,40,38.0,44.0,42.42857142857143,2,2
2026-02-12,Butter Chicken,40,40.0,38.0,41.857142857142854,3,2
2026-02-13,Butter Chicken,52,40.0,45.0,42.142857142857146,4,2
2026-02-14,Butter Chicken,56,52.0,52.0,43.142857142857146,5,2
2026-02-15,Butter Chicken,46,56.0,42.0,43.714285714285715,6,2
2026-02-16,Butter Chicken,38,46.0,38.0,44.285714285714285,0,2
2026-02-17,Butter Chicken,40,38.0,38.0,44.285714285714285,1,2
2026-02-18,Butter Chicken,37,40.0,40.0,44.57142857142857,2,2
2026-02-19,Butter Chicken,43,37.0,40.0,44.142857142857146,3,2
2026-02-20,Butter Chicken,50,43.0,52.0,44.57142857142857,4,2
2026-02-21,Butter Chicken,52,50.0,56.0,44.285714285714285,5,2
2026-02-22,Butter Chicken,43,52.0,46.0,43.714285714285715,6,2
2026-02-23,Butter Chicken,42,43.0,38.0,43.285714285714285,0,2
2026-02-24,Butter Chicken,39,42.0,40.0,43.857142857142854,1,2
2026-02-25,Butter Chicken,42,39.0,37.0,43.714285714285715,2,2
2026-02-26,Butter Chicken,36,42.0,43.0,44.42857142857143,3,2
2026-02-27,Butter Chicken,46,36.0,50.0,43.42857142857143,4,2
2026-02-28,Butter Chicken,54,46.0,52.0,42.857142857142854,5,2
2026-03-01,Butter Chicken,48,54.0,43.0,43.142857142857146,6,3
2026-03-02,Butter Chicken,39,48.0,42.0,43.857142857142854,0,3
2026-03-03,Butter Chicken,41,39.0,39.0,43.42857142857143,1,3
2026-03-04,Butter Chicken,37,41.0,42.0,43.714285714285715,2,3
2026-03-05,Butter Chicken,39,37.0,36.0,43.0,3,3
2026-03-06,Butter Chicken,48,39.0,46.0,43.42857142857143,4,3
2026-03-07,Butter Chicken,55,48.0,54.0,43.714285714285715,5,3
2026-03-08,Butter Chicken,49,55.0,48.0,43.857142857142854,6,3
2026-03-09,Butter Chicken,37,49.0,39.0,44.0,0,3
2026-03-10,Butter Chicken,36,37.0,41.0,43.714285714285715,1,3
2026-03-11,Butter Chicken,42,36.0,37.0,43.0,2,3
2026-03-12,Butter Chicken,40,42.0,39.0,43.714285714285715,3,3
2026-03-13,Butter Chicken,46,40.0,48.0,43.857142857142854,4,3
2026-03-14,Butter Chicken,58,46.0,55.0,43.57142857142857,5,3
2026-03-15,Butter Chicken,48,58.0,49.0,44.0,6,3
2026-03-16,Butter Chicken,42,48.0,37.0,43.857142857142854,0,3
2026-03-17,Butter Chicken,40,42.0,36.0,44.57142857142857,1,3
2026-03-18,Butter Chicken,44,40.0,42.0,45.142857142857146,2,3
2026-03-19,Butter Chicken,43,44.0,40.0,45.42857142857143,3,3
2026-03-20,Butter Chicken,47,43.0,46.0,45.857142857142854,4,3
2026-03-21,Butter Chicken,56,47.0,58.0,46.0,5,3
2026-03-22,Butter Chicken,49,56.0,48.0,45.714285714285715,6,3
2026-03-23,Butter Chicken,42,49.0,42.0,45.857142857142854,0,3
2026-03-24,Butter Chicken,38,42.0,40.0,45.857142857142854,1,3
2026-03-25,Butter Chicken,41,38.0,44.0,45.57142857142857,2,3
2026-03-26,Butter Chicken,42,41.0,43.0,45.142857142857146,3,3
2026-03-27,Butter Chicken,43,42.0,47.0,45.0,4,3
2026-03-28,Butter Chicken,50,43.0,56.0,44.42857142857143,5,3
2026-03-29,Butter Chicken,43,50.0,49.0,43.57142857142857,6,3
2026-03-30,Butter Chicken,39,43.0,42.0,42.714285714285715,0,3
2026-03-31,Butter Chicken,41,39.0,38.0,42.285714285714285,1,3
2026-04-01,Butter Chicken,43,41.0,41.0,42.714285714285715,2,4
2026-04-02,Butter Chicken,40,43.0,42.0,43.0,3,4
2026-04-03,Butter Chicken,51,40.0,43.0,42.714285714285715,4,4
2026-04-04,Butter Chicken,50,51.0,50.0,43.857142857142854,5,4
2026-04-05,Butter Chicken,43,50.0,43.0,43.857142857142854,6,4
2026-04-06,Butter Chicken,39,43.0,39.0,43.857142857142854,0,4
2026-04-07,Butter Chicken,40,39.0,41.0,43.857142857142854,1,4
2026-04-08,Butter Chicken,39,40.0,43.0,43.714285714285715,2,4
2026-04-09,Butter Chicken,35,39.0,40.0,43.142857142857146,3,4
2026-04-10,Butter Chicken,47,35.0,51.0,42.42857142857143,4,4
2026-04-11,Butter Chicken,50,47.0,50.0,41.857142857142854,5,4
2026-04-12,Butter Chicken,49,50.0,43.0,41.857142857142854,6,4
2026-04-13,Butter Chicken,40,49.0,39.0,42.714285714285715,0,4
2026-04-14,Butter Chicken,38,40.0,40.0,42.857142857142854,1,4
2026-04-15,Butter Chicken,38,38.0,39.0,42.57142857142857,2,4
2026-04-16,Butter Chicken,37,38.0,35.0,42.42857142857143,3,4
2026-04-17,Butter Chicken,47,37.0,47.0,42.714285714285715,4,4
2026-04-18,Butter Chicken,56,47.0,50.0,42.714285714285715,5,4
2026-04-19,Butter Chicken,45,56.0,49.0,43.57142857142857,6,4
2026-04-20,Butter Chicken,41,45.0,40.0,43.0,0,4
2026-04-21,Butter Chicken,38,41.0,38.0,43.142857142857146,1,4
2026-04-22,Butter Chicken,38,38.0,38.0,43.142857142857146,2,4
2026-04-23,Butter Chicken,39,38.0,37.0,43.142857142857146,3,4
2026-04-24,Butter Chicken,45,39.0,47.0,43.42857142857143,4,4
2026-04-25,Butter Chicken,52,45.0,56.0,43.142857142857146,5,4
2026-04-26,Butter Chicken,45,52.0,45.0,42.57142857142857,6,4
2026-04-27,Butter Chicken,43,45.0,41.0,42.57142857142857,0,4
2026-04-28,Butter Chicken,40,43.0,38.0,42.857142857142854,1,4
2026-04-29,Butter Chicken,38,40.0,38.0,43.142857142857146,2,4
2026-04-30,Butter Chicken,40,38.0,39.0,43.142857142857146,3,4
2026-05-01,Butter Chicken,47,40.0,45.0,43.285714285714285,4,5
2026-05-02,Butter Chicken,53,47.0,52.0,43.57142857142857,5,5
2026-05-03,Butter Chicken,49,53.0,45.0,43.714285714285715,6,5
2026-05-04,Butter Chicken,41,49.0,43.0,44.285714285714285,0,5
2026-05-05,Butter Chicken,38,41.0,40.0,44.0,1,5
2026-05-06,Butter Chicken,38,38.0,38.0,43.714285714285715,2,5
2026-05-07,Butter Chicken,39,38.0,40.0,43.714285714285715,3,5
2026-05-08,Butter Chicken,42,39.0,47.0,43.57142857142857,4,5
2026-05-09,Butter Chicken,49,42.0,53.0,42.857142857142854,5,5
2026-05-10,Butter Chicken,51,49.0,49.0,42.285714285714285,6,5
2026-05-11,Butter Chicken,43,51.0,41.0,42.57142857142857,0,5
2026-05-12,Butter Chicken,39,43.0,38.0,42.857142857142854,1,5
2026-05-13,Butter Chicken,41,39.0,38.0,43.0,2,5
2026-05-14,Butter Chicken,40,41.0,39.0,43.42857142857143,3,5
2026-05-15,Butter Chicken,55,40.0,42.0,43.57142857142857,4,5
2026-05-16,Butter Chicken,57,55.0,49.0,45.42857142857143,5,5
2026-05-17,Butter Chicken,47,57.0,51.0,46.57142857142857,6,5
2026-05-18,Butter Chicken,38,47.0,43.0,46.0,0,5
2026-05-19,Butter Chicken,36,38.0,39.0,45.285714285714285,1,5
2026-05-20,Butter Chicken,40,36.0,41.0,44.857142857142854,2,5
2026-05-21,Butter Chicken,38,40.0,40.0,44.714285714285715,3,5
2026-05-22,Butter Chicken,44,38.0,55.0,44.42857142857143,4,5
2026-05-23,Butter Chicken,52,44.0,57.0,42.857142857142854,5,5
2026-05-24,Butter Chicken,45,52.0,47.0,42.142857142857146,6,5
2026-05-25,Butter Chicken,43,45.0,38.0,41.857142857142854,0,5
2026-05-26,Butter Chicken,41,43.0,36.0,42.57142857142857,1,5
2026-05-27,Butter Chicken,39,41.0,40.0,43.285714285714285,2,5
2026-05-28,Butter Chicken,42,39.0,38.0,43.142857142857146,3,5
2026-05-29,Butter Chicken,48,42.0,44.0,43.714285714285715,4,5
2026-05-30,Butter Chicken,51,48.0,52.0,44.285714285714285,5,5
2026-05-31,Butter Chicken,51,51.0,45.0,44.142857142857146,6,5
2026-06-01,Butter Chicken,45,51.0,43.0,45.0,0,6
2026-06-02,Butter Chicken,41,45.0,41.0,45.285714285714285,1,6
2026-06-03,Butter Chicken,43,41.0,39.0,45.285714285714285,2,6
2026-06-04,Butter Chicken,42,43.0,42.0,45.857142857142854,3,6
2026-06-05,Butter Chicken,49,42.0,48.0,45.857142857142854,4,6
2026-06-06,Butter Chicken,62,49.0,51.0,46.0,5,6
2026-06-07,Butter Chicken,57,62.0,51.0,47.57142857142857,6,6
2026-06-08,Butter Chicken,40,57.0,45.0,48.42857142857143,0,6
2026-06-09,Butter Chicken,45,40.0,41.0,47.714285714285715,1,6
2026-06-10,Butter Chicken,42,45.0,43.0,48.285714285714285,2,6
2026-06-11,Butter Chicken,42,42.0,42.0,48.142857142857146,3,6
2026-06-12,Butter Chicken,51,42.0,49.0,48.142857142857146,4,6
2026-06-13,Butter Chicken,56,51.0,62.0,48.42857142857143,5,6
2026-06-14,Butter Chicken,52,56.0,57.0,47.57142857142857,6,6
2026-06-15,Butter Chicken,42,52.0,40.0,46.857142857142854,0,6
2026-06-16,Butter Chicken,44,42.0,45.0,47.142857142857146,1,6
2026-06-17,Butter Chicken,43,44.0,42.0,47.0,2,6
2026-06-18,Butter Chicken,43,43.0,42.0,47.142857142857146,3,6
2026-06-19,Butter Chicken,50,43.0,51.0,47.285714285714285,4,6
2026-06-20,Butter Chicken,57,50.0,56.0,47.142857142857146,5,6
2026-06-21,Butter Chicken,54,57.0,52.0,47.285714285714285,6,6
2026-06-22,Butter Chicken,45,54.0,42.0,47.57142857142857,0,6
2026-06-23,Butter Chicken,41,45.0,44.0,48.0,1,6
2026-06-24,Butter Chicken,44,41.0,43.0,47.57142857142857,2,6
2026-06-25,Butter Chicken,45,44.0,43.0,47.714285714285715,3,6
2026-06-26,Butter Chicken,48,45.0,50.0,48.0,4,6
2026-06-27,Butter Chicken,61,48.0,57.0,47.714285714285715,5,6
2026-06-28,Butter Chicken,51,61.0,54.0,48.285714285714285,6,6
2026-06-29,Butter Chicken,45,51.0,45.0,47.857142857142854,0,6
2026-06-30,Butter Chicken,42,45.0,41.0,47.857142857142854,1,6
2026-07-01,Butter Chicken,40,42.0,44.0,48.0,2,7
2026-07-02,Butter Chicken,40,40.0,45.0,47.42857142857143,3,7
2026-07-03,Butter Chicken,52,40.0,48.0,46.714285714285715,4,7
2026-07-04,Butter Chicken,60,52.0,61.0,47.285714285714285,5,7
2026-07-05,Butter Chicken,50,60.0,51.0,47.142857142857146,6,7
2026-07-06,Butter Chicken,45,50.0,45.0,47.0,0,7
2026-07-07,Butter Chicken,40,45.0,42.0,47.0,1,7
2026-07-08,Butter Chicken,43,40.0,40.0,46.714285714285715,2,7
2026-07-09,Butter Chicken,41,43.0,40.0,47.142857142857146,3,7
2026-07-10,Butter Chicken,51,41.0,52.0,47.285714285714285,4,7
2026-07-11,Butter Chicken,59,51.0,60.0,47.142857142857146,5,7
2026-07-12,Butter Chicken,50,59.0,50.0,47.0,6,7
2026-07-13,Butter Chicken,43,50.0,45.0,47.0,0,7
2026-07-14,Butter Chicken,46,43.0,40.0,46.714285714285715,1,7
2026-07-15,Butter Chicken,42,46.0,43.0,47.57142857142857,2,7
2026-01-24,Chole Bhature,46,36.0,45.0,36.142857142857146,5,1
2026-01-25,Chole Bhature,40,46.0,38.0,36.285714285714285,6,1
2026-01-26,Chole Bhature,36,40.0,33.0,36.57142857142857,0,1
2026-01-27,Chole Bhature,32,36.0,35.0,37.0,1,1
2026-01-28,Chole Bhature,33,32.0,33.0,36.57142857142857,2,1
2026-01-29,Chole Bhature,33,33.0,33.0,36.57142857142857,3,1
2026-01-30,Chole Bhature,42,33.0,36.0,36.57142857142857,4,1
2026-01-31,Chole Bhature,44,42.0,46.0,37.42857142857143,5,1
2026-02-01,Chole Bhature,36,44.0,40.0,37.142857142857146,6,2
2026-02-02,Chole Bhature,30,36.0,36.0,36.57142857142857,0,2
2026-02-03,Chole Bhature,30,30.0,32.0,35.714285714285715,1,2
2026-02-04,Chole Bhature,29,30.0,33.0,35.42857142857143,2,2
2026-02-05,Chole Bhature,30,29.0,33.0,34.857142857142854,3,2
2026-02-06,Chole Bhature,37,30.0,42.0,34.42857142857143,4,2
2026-02-07,Chole Bhature,38,37.0,44.0,33.714285714285715,5,2
2026-02-08,Chole Bhature,36,38.0,36.0,32.857142857142854,6,2
2026-02-09,Chole Bhature,28,36.0,30.0,32.857142857142854,0,2
2026-02-10,Chole Bhature,31,28.0,30.0,32.57142857142857,1,2
2026-02-11,Chole Bhature,27,31.0,29.0,32.714285714285715,2,2
2026-02-12,Chole Bhature,29,27.0,30.0,32.42857142857143,3,2
2026-02-13,Chole Bhature,36,29.0,37.0,32.285714285714285,4,2
2026-02-14,Chole Bhature,43,36.0,38.0,32.142857142857146,5,2
2026-02-15,Chole Bhature,35,43.0,36.0,32.857142857142854,6,2
2026-02-16,Chole Bhature,29,35.0,28.0,32.714285714285715,0,2
2026-02-17,Chole Bhature,32,29.0,31.0,32.857142857142854,1,2
2026-02-18,Chole Bhature,27,32.0,27.0,33.0,2,2
2026-02-19,Chole Bhature,26,27.0,29.0,33.0,3,2
2026-02-20,Chole Bhature,36,26.0,36.0,32.57142857142857,4,2
2026-02-21,Chole Bhature,39,36.0,43.0,32.57142857142857,5,2
2026-02-22,Chole Bhature,34,39.0,35.0,32.0,6,2
2026-02-23,Chole Bhature,31,34.0,29.0,31.857142857142858,0,2
2026-02-24,Chole Bhature,30,31.0,32.0,32.142857142857146,1,2
2026-02-25,Chole Bhature,29,30.0,27.0,31.857142857142858,2,2
2026-02-26,Chole Bhature,28,29.0,26.0,32.142857142857146,3,2
2026-02-27,Chole Bhature,37,28.0,36.0,32.42857142857143,4,2
2026-02-28,Chole Bhature,41,37.0,39.0,32.57142857142857,5,2
2026-03-01,Chole Bhature,35,41.0,34.0,32.857142857142854,6,3
2026-03-02,Chole Bhature,32,35.0,31.0,33.0,0,3
2026-03-03,Chole Bhature,28,32.0,30.0,33.142857142857146,1,3
2026-03-04,Chole Bhature,27,28.0,29.0,32.857142857142854,2,3
2026-03-05,Chole Bhature,28,27.0,28.0,32.57142857142857,3,3
2026-03-06,Chole Bhature,35,28.0,37.0,32.57142857142857,4,3
2026-03-07,Chole Bhature,40,35.0,41.0,32.285714285714285,5,3
2026-03-08,Chole Bhature,35,40.0,35.0,32.142857142857146,6,3
2026-03-09,Chole Bhature,30,35.0,32.0,32.142857142857146,0,3
2026-03-10,Chole Bhature,28,30.0,28.0,31.857142857142858,1,3
2026-03-11,Chole Bhature,32,28.0,27.0,31.857142857142858,2,3
2026-03-12,Chole Bhature,29,32.0,28.0,32.57142857142857,3,3
2026-03-13,Chole Bhature,38,29.0,35.0,32.714285714285715,4,3
2026-03-14,Chole Bhature,41,38.0,40.0,33.142857142857146,5,3
2026-03-15,Chole Bhature,36,41.0,35.0,33.285714285714285,6,3
2026-03-16,Chole Bhature,30,36.0,30.0,33.42857142857143,0,3
2026-03-17,Chole Bhature,30,30.0,28.0,33.42857142857143,1,3
2026-03-18,Chole Bhature,30,30.0,32.0,33.714285714285715,2,3
2026-03-19,Chole Bhature,31,30.0,29.0,33.42857142857143,3,3
2026-03-20,Chole Bhature,36,31.0,38.0,33.714285714285715,4,3
2026-03-21,Chole Bhature,41,36.0,41.0,33.42857142857143,5,3
2026-03-22,Chole Bhature,35,41.0,36.0,33.42857142857143,6,3
2026-03-23,Chole Bhature,32,35.0,30.0,33.285714285714285,0,3
2026-03-24,Chole Bhature,28,32.0,30.0,33.57142857142857,1,3
2026-03-25,Chole Bhature,32,28.0,30.0,33.285714285714285,2,3
2026-03-26,Chole Bhature,29,32.0,31.0,33.57142857142857,3,3
2026-03-27,Chole Bhature,33,29.0,36.0,33.285714285714285,4,3
2026-03-28,Chole Bhature,40,33.0,41.0,32.857142857142854,5,3
2026-03-29,Chole Bhature,34,40.0,35.0,32.714285714285715,6,3
2026-03-30,Chole Bhature,31,34.0,32.0,32.57142857142857,0,3
2026-03-31,Chole Bhature,29,31.0,28.0,32.42857142857143,1,3
2026-04-01,Chole Bhature,29,29.0,32.0,32.57142857142857,2,4
2026-04-02,Chole Bhature,27,29.0,29.0,32.142857142857146,3,4
2026-04-03,Chole Bhature,35,27.0,33.0,31.857142857142858,4,4
2026-04-04,Chole Bhature,35,35.0,40.0,32.142857142857146,5,4
2026-04-05,Chole Bhature,33,35.0,34.0,31.428571428571427,6,4
2026-04-06,Chole Bhature,31,33.0,31.0,31.285714285714285,0,4
2026-04-07,Chole Bhature,31,31.0,29.0,31.285714285714285,1,4
2026-04-08,Chole Bhature,30,31.0,29.0,31.571428571428573,2,4
2026-04-09,Chole Bhature,28,30.0,27.0,31.714285714285715,3,4
2026-04-10,Chole Bhature,35,28.0,35.0,31.857142857142858,4,4
2026-04-11,Chole Bhature,40,35.0,35.0,31.857142857142858,5,4
2026-04-12,Chole Bhature,33,40.0,33.0,32.57142857142857,6,4
2026-04-13,Chole Bhature,32,33.0,31.0,32.57142857142857,0,4
2026-04-14,Chole Bhature,31,32.0,31.0,32.714285714285715,1,4
2026-04-15,Chole Bhature,29,31.0,30.0,32.714285714285715,2,4
2026-04-16,Chole Bhature,30,29.0,28.0,32.57142857142857,3,4
2026-04-17,Chole Bhature,36,30.0,35.0,32.857142857142854,4,4
2026-04-18,Chole Bhature,36,36.0,40.0,33.0,5,4
2026-04-19,Chole Bhature,35,36.0,33.0,32.42857142857143,6,4
2026-04-20,Chole Bhature,28,35.0,32.0,32.714285714285715,0,4
2026-04-21,Chole Bhature,28,28.0,31.0,32.142857142857146,1,4
2026-04-22,Chole Bhature,29,28.0,29.0,31.714285714285715,2,4
2026-04-23,Chole Bhature,32,29.0,30.0,31.714285714285715,3,4
2026-04-24,Chole Bhature,37,32.0,36.0,32.0,4,4
2026-04-25,Chole Bhature,39,37.0,36.0,32.142857142857146,5,4
2026-04-26,Chole Bhature,37,39.0,35.0,32.57142857142857,6,4
2026-04-27,Chole Bhature,32,37.0,28.0,32.857142857142854,0,4
2026-04-28,Chole Bhature,31,32.0,28.0,33.42857142857143,1,4
2026-04-29,Chole Bhature,30,31.0,29.0,33.857142857142854,2,4
2026-04-30,Chole Bhature,29,30.0,32.0,34.0,3,4
2026-05-01,Chole Bhature,37,29.0,37.0,33.57142857142857,4,5
2026-05-02,Chole Bhature,41,37.0,39.0,33.57142857142857,5,5
2026-05-03,Chole Bhature,37,41.0,37.0,33.857142857142854,6,5
2026-05-04,Chole Bhature,30,37.0,32.0,33.857142857142854,0,5
2026-05-05,Chole Bhature,31,30.0,31.0,33.57142857142857,1,5
2026-05-06,Chole Bhature,29,31.0,30.0,33.57142857142857,2,5
2026-05-07,Chole Bhature,31,29.0,29.0,33.42857142857143,3,5
2026-05-08,Chole Bhature,36,31.0,37.0,33.714285714285715,4,5
2026-05-09,Chole Bhature,44,36.0,41.0,33.57142857142857,5,5
2026-05-10,Chole Bhature,34,44.0,37.0,34.0,6,5
2026-05-11,Chole Bhature,32,34.0,30.0,33.57142857142857,0,5
2026-05-12,Chole Bhature,30,32.0,31.0,33.857142857142854,1,5
2026-05-13,Chole Bhature,29,30.0,29.0,33.714285714285715,2,5
2026-05-14,Chole Bhature,29,29.0,31.0,33.714285714285715,3,5
2026-05-15,Chole Bhature,35,29.0,36.0,33.42857142857143,4,5
2026-05-16,Chole Bhature,41,35.0,44.0,33.285714285714285,5,5
2026-05-17,Chole Bhature,36,41.0,34.0,32.857142857142854,6,5
2026-05-18,Chole Bhature,29,36.0,32.0,33.142857142857146,0,5
2026-05-19,Chole Bhature,29,29.0,30.0,32.714285714285715,1,5
2026-05-20,Chole Bhature,33,29.0,29.0,32.57142857142857,2,5
2026-05-21,Chole Bhature,32,33.0,29.0,33.142857142857146,3,5
2026-05-22,Chole Bhature,36,32.0,35.0,33.57142857142857,4,5
2026-05-23,Chole Bhature,40,36.0,41.0,33.714285714285715,5,5
2026-05-24,Chole Bhature,36,40.0,36.0,33.57142857142857,6,5
2026-05-25,Chole Bhature,30,36.0,29.0,33.57142857142857,0,5
2026-05-26,Chole Bhature,28,30.0,29.0,33.714285714285715,1,5
2026-05-27,Chole Bhature,29,28.0,33.0,33.57142857142857,2,5
2026-05-28,Chole Bhature,27,29.0,32.0,33.0,3,5
2026-05-29,Chole Bhature,36,27.0,36.0,32.285714285714285,4,5
2026-05-30,Chole Bhature,41,36.0,40.0,32.285714285714285,5,5
2026-05-31,Chole Bhature,35,41.0,36.0,32.42857142857143,6,5
2026-06-01,Chole Bhature,35,35.0,30.0,32.285714285714285,0,6
2026-06-02,Chole Bhature,30,35.0,28.0,33.0,1,6
2026-06-03,Chole Bhature,30,30.0,29.0,33.285714285714285,2,6
2026-06-04,Chole Bhature,33,30.0,27.0,33.42857142857143,3,6
2026-06-05,Chole Bhature,41,33.0,36.0,34.285714285714285,4,6
2026-06-06,Chole Bhature,48,41.0,41.0,35.0,5,6
2026-06-07,Chole Bhature,38,48.0,35.0,36.0,6,6
2026-06-08,Chole Bhature,34,38.0,35.0,36.42857142857143,0,6
2026-06-09,Chole Bhature,32,34.0,30.0,36.285714285714285,1,6
2026-06-10,Chole Bhature,32,32.0,30.0,36.57142857142857,2,6
2026-06-11,Chole Bhature,34,32.0,33.0,36.857142857142854,3,6
2026-06-12,Chole Bhature,40,34.0,41.0,37.0,4,6
2026-06-13,Chole Bhature,41,40.0,48.0,36.857142857142854,5,6
2026-06-14,Chole Bhature,42,41.0,38.0,35.857142857142854,6,6
2026-06-15,Chole Bhature,35,42.0,34.0,36.42857142857143,0,6
2026-06-16,Chole Bhature,31,35.0,32.0,36.57142857142857,1,6
2026-06-17,Chole Bhature,33,31.0,32.0,36.42857142857143,2,6
2026-06-18,Chole Bhature,33,33.0,34.0,36.57142857142857,3,6
2026-06-19,Chole Bhature,40,33.0,40.0,36.42857142857143,4,6
2026-06-20,Chole Bhature,43,40.0,41.0,36.42857142857143,5,6
2026-06-21,Chole Bhature,38,43.0,42.0,36.714285714285715,6,6
2026-06-22,Chole Bhature,32,38.0,35.0,36.142857142857146,0,6
2026-06-23,Chole Bhature,34,32.0,31.0,35.714285714285715,1,6
2026-06-24,Chole Bhature,33,34.0,33.0,36.142857142857146,2,6
2026-06-25,Chole Bhature,32,33.0,33.0,36.142857142857146,3,6
2026-06-26,Chole Bhature,41,32.0,40.0,36.0,4,6
2026-06-27,Chole Bhature,38,41.0,43.0,36.142857142857146,5,6
2026-06-28,Chole Bhature,41,38.0,38.0,35.42857142857143,6,6
2026-06-29,Chole Bhature,30,41.0,32.0,35.857142857142854,0,6
2026-06-30,Chole Bhature,32,30.0,34.0,35.57142857142857,1,6
2026-07-01,Chole Bhature,31,32.0,33.0,35.285714285714285,2,7
2026-07-02,Chole Bhature,30,31.0,32.0,35.0,3,7
2026-07-03,Chole Bhature,41,30.0,41.0,34.714285714285715,4,7
2026-07-04,Chole Bhature,43,41.0,38.0,34.714285714285715,5,7
2026-07-05,Chole Bhature,40,43.0,41.0,35.42857142857143,6,7
2026-07-06,Chole Bhature,32,40.0,30.0,35.285714285714285,0,7
2026-07-07,Chole Bhature,33,32.0,32.0,35.57142857142857,1,7
2026-07-08,Chole Bhature,33,33.0,31.0,35.714285714285715,2,7
2026-07-09,Chole Bhature,30,33.0,30.0,36.0,3,7
2026-07-10,Chole Bhature,41,30.0,41.0,36.0,4,7
2026-07-11,Chole Bhature,43,41.0,43.0,36.0,5,7
2026-07-12,Chole Bhature,36,43.0,40.0,36.0,6,7
2026-07-13,Chole Bhature,32,36.0,32.0,35.42857142857143,0,7
2026-07-14,Chole Bhature,35,32.0,33.0,35.42857142857143,1,7
2026-07-15,Chole Bhature,34,35.0,33.0,35.714285714285715,2,7
2026-01-24,Dal Makhani,37,33.0,37.0,29.571428571428573,5,1
2026-01-25,Dal Makhani,32,37.0,30.0,29.571428571428573,6,1
2026-01-26,Dal Makhani,26,32.0,25.0,29.857142857142858,0,1
2026-01-27,Dal Makhani,27,26.0,28.0,30.0,1,1
2026-01-28,Dal Makhani,26,27.0,27.0,29.857142857142858,2,1
2026-01-29,Dal Makhani,28,26.0,27.0,29.714285714285715,3,1
2026-01-30,Dal Makhani,30,28.0,33.0,29.857142857142858,4,1
2026-01-31,Dal Makhani,39,30.0,37.0,29.428571428571427,5,1
2026-02-01,Dal Makhani,30,39.0,32.0,29.714285714285715,6,2
2026-02-02,Dal Makhani,25,30.0,26.0,29.428571428571427,0,2
2026-02-03,Dal Makhani,26,25.0,27.0,29.285714285714285,1,2
2026-02-04,Dal Makhani,27,26.0,26.0,29.142857142857142,2,2
2026-02-05,Dal Makhani,26,27.0,28.0,29.285714285714285,3,2
2026-02-06,Dal Makhani,27,26.0,30.0,29.0,4,2
2026-02-07,Dal Makhani,31,27.0,39.0,28.571428571428573,5,2
2026-02-08,Dal Makhani,29,31.0,30.0,27.428571428571427,6,2
2026-02-09,Dal Makhani,25,29.0,25.0,27.285714285714285,0,2
2026-02-10,Dal Makhani,25,25.0,26.0,27.285714285714285,1,2
2026-02-11,Dal Makhani,24,25.0,27.0,27.142857142857142,2,2
2026-02-12,Dal Makhani,25,24.0,26.0,26.714285714285715,3,2
2026-02-13,Dal Makhani,28,25.0,27.0,26.571428571428573,4,2
2026-02-14,Dal Makhani,32,28.0,31.0,26.714285714285715,5,2
2026-02-15,Dal Makhani,27,32.0,29.0,26.857142857142858,6,2
2026-02-16,Dal Makhani,23,27.0,25.0,26.571428571428573,0,2
2026-02-17,Dal Makhani,23,23.0,25.0,26.285714285714285,1,2
2026-02-18,Dal Makhani,23,23.0,24.0,26.0,2,2
2026-02-19,Dal Makhani,26,23.0,25.0,25.857142857142858,3,2
2026-02-20,Dal Makhani,28,26.0,28.0,26.0,4,2
2026-02-21,Dal Makhani,38,28.0,32.0,26.0,5,2
2026-02-22,Dal Makhani,30,38.0,27.0,26.857142857142858,6,2
2026-02-23,Dal Makhani,25,30.0,23.0,27.285714285714285,0,2
2026-02-24,Dal Makhani,23,25.0,23.0,27.571428571428573,1,2
2026-02-25,Dal Makhani,25,23.0,23.0,27.571428571428573,2,2
2026-02-26,Dal Makhani,24,25.0,26.0,27.857142857142858,3,2
2026-02-27,Dal Makhani,30,24.0,28.0,27.571428571428573,4,2
2026-02-28,Dal Makhani,38,30.0,38.0,27.857142857142858,5,2
2026-03-01,Dal Makhani,29,38.0,30.0,27.857142857142858,6,3
2026-03-02,Dal Makhani,26,29.0,25.0,27.714285714285715,0,3
2026-03-03,Dal Makhani,24,26.0,23.0,27.857142857142858,1,3
2026-03-04,Dal Makhani,24,24.0,25.0,28.0,2,3
2026-03-05,Dal Makhani,27,24.0,24.0,27.857142857142858,3,3
2026-03-06,Dal Makhani,29,27.0,30.0,28.285714285714285,4,3
2026-03-07,Dal Makhani,36,29.0,38.0,28.142857142857142,5,3
2026-03-08,Dal Makhani,31,36.0,29.0,27.857142857142858,6,3
2026-03-09,Dal Makhani,24,31.0,26.0,28.142857142857142,0,3
2026-03-10,Dal Makhani,25,24.0,24.0,27.857142857142858,1,3
2026-03-11,Dal Makhani,26,25.0,24.0,28.0,2,3
2026-03-12,Dal Makhani,25,26.0,27.0,28.285714285714285,3,3
2026-03-13,Dal Makhani,27,25.0,29.0,28.0,4,3
2026-03-14,Dal Makhani,32,27.0,36.0,27.714285714285715,5,3
2026-03-15,Dal Makhani,29,32.0,31.0,27.142857142857142,6,3
2026-03-16,Dal Makhani,24,29.0,24.0,26.857142857142858,0,3
2026-03-17,Dal Makhani,25,24.0,25.0,26.857142857142858,1,3
2026-03-18,Dal Makhani,25,25.0,26.0,26.857142857142858,2,3
2026-03-19,Dal Makhani,23,25.0,25.0,26.714285714285715,3,3
2026-03-20,Dal Makhani,30,23.0,27.0,26.428571428571427,4,3
2026-03-21,Dal Makhani,34,30.0,32.0,26.857142857142858,5,3
2026-03-22,Dal Makhani,30,34.0,29.0,27.142857142857142,6,3
2026-03-23,Dal Makhani,26,30.0,24.0,27.285714285714285,0,3
2026-03-24,Dal Makhani,26,26.0,25.0,27.571428571428573,1,3
2026-03-25,Dal Makhani,25,26.0,25.0,27.714285714285715,2,3
2026-03-26,Dal Makhani,24,25.0,23.0,27.714285714285715,3,3
2026-03-27,Dal Makhani,27,24.0,30.0,27.857142857142858,4,3
2026-03-28,Dal Makhani,34,27.0,34.0,27.428571428571427,5,3
2026-03-29,Dal Makhani,30,34.0,30.0,27.428571428571427,6,3
2026-03-30,Dal Makhani,25,30.0,26.0,27.428571428571427,0,3
2026-03-31,Dal Makhani,23,25.0,26.0,27.285714285714285,1,3
2026-04-01,Dal Makhani,23,23.0,25.0,26.857142857142858,2,4
2026-04-02,Dal Makhani,26,23.0,24.0,26.571428571428573,3,4
2026-04-03,Dal Makhani,29,26.0,27.0,26.857142857142858,4,4
2026-04-04,Dal Makhani,34,29.0,34.0,27.142857142857142,5,4
2026-04-05,Dal Makhani,30,34.0,30.0,27.142857142857142,6,4
2026-04-06,Dal Makhani,25,30.0,25.0,27.142857142857142,0,4
2026-04-07,Dal Makhani,26,25.0,23.0,27.142857142857142,1,4
2026-04-08,Dal Makhani,24,26.0,23.0,27.571428571428573,2,4
2026-04-09,Dal Makhani,25,24.0,26.0,27.714285714285715,3,4
2026-04-10,Dal Makhani,29,25.0,29.0,27.571428571428573,4,4
2026-04-11,Dal Makhani,33,29.0,34.0,27.571428571428573,5,4
2026-04-12,Dal Makhani,29,33.0,30.0,27.428571428571427,6,4
2026-04-13,Dal Makhani,25,29.0,25.0,27.285714285714285,0,4
2026-04-14,Dal Makhani,24,25.0,26.0,27.285714285714285,1,4
2026-04-15,Dal Makhani,26,24.0,24.0,27.0,2,4
2026-04-16,Dal Makhani,23,26.0,25.0,27.285714285714285,3,4
2026-04-17,Dal Makhani,29,23.0,29.0,27.0,4,4
2026-04-18,Dal Makhani,33,29.0,33.0,27.0,5,4
2026-04-19,Dal Makhani,32,33.0,29.0,27.0,6,4
2026-04-20,Dal Makhani,25,32.0,25.0,27.428571428571427,0,4
2026-04-21,Dal Makhani,26,25.0,24.0,27.428571428571427,1,4
2026-04-22,Dal Makhani,23,26.0,26.0,27.714285714285715,2,4
2026-04-23,Dal Makhani,25,23.0,23.0,27.285714285714285,3,4
2026-04-24,Dal Makhani,31,25.0,29.0,27.571428571428573,4,4
2026-04-25,Dal Makhani,33,31.0,33.0,27.857142857142858,5,4
2026-04-26,Dal Makhani,31,33.0,32.0,27.857142857142858,6,4
2026-04-27,Dal Makhani,24,31.0,25.0,27.714285714285715,0,4
2026-04-28,Dal Makhani,26,24.0,26.0,27.571428571428573,1,4
2026-04-29,Dal Makhani,27,26.0,23.0,27.571428571428573,2,4
2026-04-30,Dal Makhani,24,27.0,25.0,28.142857142857142,3,4
2026-05-01,Dal Makhani,29,24.0,31.0,28.0,4,5
2026-05-02,Dal Makhani,36,29.0,33.0,27.714285714285715,5,5
2026-05-03,Dal Makhani,32,36.0,31.0,28.142857142857142,6,5
2026-05-04,Dal Makhani,24,32.0,24.0,28.285714285714285,0,5
2026-05-05,Dal Makhani,24,24.0,26.0,28.285714285714285,1,5
2026-05-06,Dal Makhani,24,24.0,27.0,28.0,2,5
2026-05-07,Dal Makhani,23,24.0,24.0,27.571428571428573,3,5
2026-05-08,Dal Makhani,28,23.0,29.0,27.428571428571427,4,5
2026-05-09,Dal Makhani,32,28.0,36.0,27.285714285714285,5,5
2026-05-10,Dal Makhani,28,32.0,32.0,26.714285714285715,6,5
2026-05-11,Dal Makhani,24,28.0,24.0,26.142857142857142,0,5
2026-05-12,Dal Makhani,25,24.0,24.0,26.142857142857142,1,5
2026-05-13,Dal Makhani,26,25.0,24.0,26.285714285714285,2,5
2026-05-14,Dal Makhani,23,26.0,23.0,26.571428571428573,3,5
2026-05-15,Dal Makhani,31,23.0,28.0,26.571428571428573,4,5
2026-05-16,Dal Makhani,33,31.0,32.0,27.0,5,5
2026-05-17,Dal Makhani,29,33.0,28.0,27.142857142857142,6,5
2026-05-18,Dal Makhani,25,29.0,24.0,27.285714285714285,0,5
2026-05-19,Dal Makhani,23,25.0,25.0,27.428571428571427,1,5
2026-05-20,Dal Makhani,25,23.0,26.0,27.142857142857142,2,5
2026-05-21,Dal Makhani,25,25.0,23.0,27.0,3,5
2026-05-22,Dal Makhani,30,25.0,31.0,27.285714285714285,4,5
2026-05-23,Dal Makhani,34,30.0,33.0,27.142857142857142,5,5
2026-05-24,Dal Makhani,33,34.0,29.0,27.285714285714285,6,5
2026-05-25,Dal Makhani,24,33.0,25.0,27.857142857142858,0,5
2026-05-26,Dal Makhani,24,24.0,23.0,27.714285714285715,1,5
2026-05-27,Dal Makhani,24,24.0,25.0,27.857142857142858,2,5
2026-05-28,Dal Makhani,24,24.0,25.0,27.714285714285715,3,5
2026-05-29,Dal Makhani,29,24.0,30.0,27.571428571428573,4,5
2026-05-30,Dal Makhani,35,29.0,34.0,27.428571428571427,5,5
2026-05-31,Dal Makhani,32,35.0,33.0,27.571428571428573,6,5
2026-06-01,Dal Makhani,26,32.0,24.0,27.428571428571427,0,6
2026-06-02,Dal Makhani,26,26.0,24.0,27.714285714285715,1,6
2026-06-03,Dal Makhani,28,26.0,24.0,28.0,2,6
2026-06-04,Dal Makhani,26,28.0,24.0,28.571428571428573,3,6
2026-06-05,Dal Makhani,34,26.0,29.0,28.857142857142858,4,6
2026-06-06,Dal Makhani,37,34.0,35.0,29.571428571428573,5,6
2026-06-07,Dal Makhani,30,37.0,32.0,29.857142857142858,6,6
2026-06-08,Dal Makhani,29,30.0,26.0,29.571428571428573,0,6
2026-06-09,Dal Makhani,29,29.0,26.0,30.0,1,6
2026-06-10,Dal Makhani,26,29.0,28.0,30.428571428571427,2,6
2026-06-11,Dal Makhani,26,26.0,26.0,30.142857142857142,3,6
2026-06-12,Dal Makhani,33,26.0,34.0,30.142857142857142,4,6
2026-06-13,Dal Makhani,37,33.0,37.0,30.0,5,6
2026-06-14,Dal Makhani,34,37.0,30.0,30.0,6,6
2026-06-15,Dal Makhani,30,34.0,29.0,30.571428571428573,0,6
2026-06-16,Dal Makhani,27,30.0,29.0,30.714285714285715,1,6
2026-06-17,Dal Makhani,26,27.0,26.0,30.428571428571427,2,6
2026-06-18,Dal Makhani,25,26.0,26.0,30.428571428571427,3,6
2026-06-19,Dal Makhani,31,25.0,33.0,30.285714285714285,4,6
2026-06-20,Dal Makhani,37,31.0,37.0,30.0,5,6
2026-06-21,Dal Makhani,35,37.0,34.0,30.0,6,6
2026-06-22,Dal Makhani,26,35.0,30.0,30.142857142857142,0,6
2026-06-23,Dal Makhani,27,26.0,27.0,29.571428571428573,1,6
2026-06-24,Dal Makhani,27,27.0,26.0,29.571428571428573,2,6
2026-06-25,Dal Makhani,29,27.0,25.0,29.714285714285715,3,6
2026-06-26,Dal Makhani,37,29.0,31.0,30.285714285714285,4,6
2026-06-27,Dal Makhani,36,37.0,37.0,31.142857142857142,5,6
2026-06-28,Dal Makhani,32,36.0,35.0,31.0,6,6
2026-06-29,Dal Makhani,28,32.0,26.0,30.571428571428573,0,6
2026-06-30,Dal Makhani,28,28.0,27.0,30.857142857142858,1,6
2026-07-01,Dal Makhani,30,28.0,27.0,31.0,2,7
2026-07-02,Dal Makhani,28,30.0,29.0,31.428571428571427,3,7
2026-07-03,Dal Makhani,32,28.0,37.0,31.285714285714285,4,7
2026-07-04,Dal Makhani,38,32.0,36.0,30.571428571428573,5,7
2026-07-05,Dal Makhani,34,38.0,32.0,30.857142857142858,6,7
2026-07-06,Dal Makhani,28,34.0,28.0,31.142857142857142,0,7
2026-07-07,Dal Makhani,28,28.0,28.0,31.142857142857142,1,7
2026-07-08,Dal Makhani,28,28.0,30.0,31.142857142857142,2,7
2026-07-09,Dal Makhani,29,28.0,28.0,30.857142857142858,3,7
2026-07-10,Dal Makhani,35,29.0,32.0,31.0,4,7
2026-07-11,Dal Makhani,38,35.0,38.0,31.428571428571427,5,7
2026-07-12,Dal Makhani,32,38.0,34.0,31.428571428571427,6,7
2026-07-13,Dal Makhani,27,32.0,28.0,31.142857142857142,0,7
2026-07-14,Dal Makhani,29,27.0,28.0,31.0,1,7
2026-07-15,Dal Makhani,26,29.0,28.0,31.142857142857142,2,7
2026-01-24,Gulab Jamun,28,26.0,30.0,23.714285714285715,5,1
2026-01-25,Gulab Jamun,25,28.0,26.0,23.428571428571427,6,1
2026-01-26,Gulab Jamun,23,25.0,22.0,23.285714285714285,0,1
2026-01-27,Gulab Jamun,23,23.0,20.0,23.428571428571427,1,1
2026-01-28,Gulab Jamun,22,23.0,22.0,23.857142857142858,2,1
2026-01-29,Gulab Jamun,20,22.0,20.0,23.857142857142858,3,1
2026-01-30,Gulab Jamun,25,20.0,26.0,23.857142857142858,4,1
2026-01-31,Gulab Jamun,31,25.0,28.0,23.714285714285715,5,1
2026-02-01,Gulab Jamun,24,31.0,25.0,24.142857142857142,6,2
2026-02-02,Gulab Jamun,22,24.0,23.0,24.0,0,2
2026-02-03,Gulab Jamun,20,22.0,23.0,23.857142857142858,1,2
2026-02-04,Gulab Jamun,20,20.0,22.0,23.428571428571427,2,2
2026-02-05,Gulab Jamun,19,20.0,20.0,23.142857142857142,3,2
2026-02-06,Gulab Jamun,24,19.0,25.0,23.0,4,2
2026-02-07,Gulab Jamun,26,24.0,31.0,22.857142857142858,5,2
2026-02-08,Gulab Jamun,24,26.0,24.0,22.142857142857142,6,2
2026-02-09,Gulab Jamun,20,24.0,22.0,22.142857142857142,0,2
2026-02-10,Gulab Jamun,19,20.0,20.0,21.857142857142858,1,2
2026-02-11,Gulab Jamun,18,19.0,20.0,21.714285714285715,2,2
2026-02-12,Gulab Jamun,18,18.0,19.0,21.428571428571427,3,2
2026-02-13,Gulab Jamun,24,18.0,24.0,21.285714285714285,4,2
2026-02-14,Gulab Jamun,25,24.0,26.0,21.285714285714285,5,2
2026-02-15,Gulab Jamun,21,25.0,24.0,21.142857142857142,6,2
2026-02-16,Gulab Jamun,20,21.0,20.0,20.714285714285715,0,2
2026-02-17,Gulab Jamun,22,20.0,19.0,20.714285714285715,1,2
2026-02-18,Gulab Jamun,19,22.0,18.0,21.142857142857142,2,2
2026-02-19,Gulab Jamun,20,19.0,18.0,21.285714285714285,3,2
2026-02-20,Gulab Jamun,24,20.0,24.0,21.571428571428573,4,2
2026-02-21,Gulab Jamun,26,24.0,25.0,21.571428571428573,5,2
2026-02-22,Gulab Jamun,25,26.0,21.0,21.714285714285715,6,2
2026-02-23,Gulab Jamun,19,25.0,20.0,22.285714285714285,0,2
2026-02-24,Gulab Jamun,20,19.0,22.0,22.142857142857142,1,2
2026-02-25,Gulab Jamun,20,20.0,19.0,21.857142857142858,2,2
2026-02-26,Gulab Jamun,19,20.0,20.0,22.0,3,2
2026-02-27,Gulab Jamun,25,19.0,24.0,21.857142857142858,4,2
2026-02-28,Gulab Jamun,26,25.0,26.0,22.0,5,2
2026-03-01,Gulab Jamun,23,26.0,25.0,22.0,6,3
2026-03-02,Gulab Jamun,20,23.0,19.0,21.714285714285715,0,3
2026-03-03,Gulab Jamun,19,20.0,20.0,21.857142857142858,1,3
2026-03-04,Gulab Jamun,20,19.0,20.0,21.714285714285715,2,3
2026-03-05,Gulab Jamun,19,20.0,19.0,21.714285714285715,3,3
2026-03-06,Gulab Jamun,25,19.0,25.0,21.714285714285715,4,3
2026-03-07,Gulab Jamun,27,25.0,26.0,21.714285714285715,5,3
2026-03-08,Gulab Jamun,23,27.0,23.0,21.857142857142858,6,3
2026-03-09,Gulab Jamun,20,23.0,20.0,21.857142857142858,0,3
2026-03-10,Gulab Jamun,21,20.0,19.0,21.857142857142858,1,3
2026-03-11,Gulab Jamun,20,21.0,20.0,22.142857142857142,2,3
2026-03-12,Gulab Jamun,20,20.0,19.0,22.142857142857142,3,3
2026-03-13,Gulab Jamun,22,20.0,25.0,22.285714285714285,4,3
2026-03-14,Gulab Jamun,25,22.0,27.0,21.857142857142858,5,3
2026-03-15,Gulab Jamun,23,25.0,23.0,21.571428571428573,6,3
2026-03-16,Gulab Jamun,19,23.0,20.0,21.571428571428573,0,3
2026-03-17,Gulab Jamun,19,19.0,21.0,21.428571428571427,1,3
2026-03-18,Gulab Jamun,20,19.0,20.0,21.142857142857142,2,3
2026-03-19,Gulab Jamun,20,20.0,20.0,21.142857142857142,3,3
2026-03-20,Gulab Jamun,23,20.0,22.0,21.142857142857142,4,3
2026-03-21,Gulab Jamun,27,23.0,25.0,21.285714285714285,5,3
2026-03-22,Gulab Jamun,24,27.0,23.0,21.571428571428573,6,3
2026-03-23,Gulab Jamun,18,24.0,19.0,21.714285714285715,0,3
2026-03-24,Gulab Jamun,19,18.0,19.0,21.571428571428573,1,3
2026-03-25,Gulab Jamun,19,19.0,20.0,21.571428571428573,2,3
2026-03-26,Gulab Jamun,18,19.0,20.0,21.428571428571427,3,3
2026-03-27,Gulab Jamun,24,18.0,23.0,21.142857142857142,4,3
2026-03-28,Gulab Jamun,29,24.0,27.0,21.285714285714285,5,3
2026-03-29,Gulab Jamun,25,29.0,24.0,21.571428571428573,6,3
2026-03-30,Gulab Jamun,19,25.0,18.0,21.714285714285715,0,3
2026-03-31,Gulab Jamun,21,19.0,19.0,21.857142857142858,1,3
2026-04-01,Gulab Jamun,20,21.0,19.0,22.142857142857142,2,4
2026-04-02,Gulab Jamun,19,20.0,18.0,22.285714285714285,3,4
2026-04-03,Gulab Jamun,23,19.0,24.0,22.428571428571427,4,4
2026-04-04,Gulab Jamun,26,23.0,29.0,22.285714285714285,5,4
2026-04-05,Gulab Jamun,23,26.0,25.0,21.857142857142858,6,4
2026-04-06,Gulab Jamun,20,23.0,19.0,21.571428571428573,0,4
2026-04-07,Gulab Jamun,20,20.0,21.0,21.714285714285715,1,4
2026-04-08,Gulab Jamun,20,20.0,20.0,21.571428571428573,2,4
2026-04-09,Gulab Jamun,20,20.0,19.0,21.571428571428573,3,4
2026-04-10,Gulab Jamun,25,20.0,23.0,21.714285714285715,4,4
2026-04-11,Gulab Jamun,28,25.0,26.0,22.0,5,4
2026-04-12,Gulab Jamun,22,28.0,23.0,22.285714285714285,6,4
2026-04-13,Gulab Jamun,17,22.0,20.0,22.142857142857142,0,4
2026-04-14,Gulab Jamun,20,17.0,20.0,21.714285714285715,1,4
2026-04-15,Gulab Jamun,18,20.0,20.0,21.714285714285715,2,4
2026-04-16,Gulab Jamun,19,18.0,20.0,21.428571428571427,3,4
2026-04-17,Gulab Jamun,22,19.0,25.0,21.285714285714285,4,4
2026-04-18,Gulab Jamun,24,22.0,28.0,20.857142857142858,5,4
2026-04-19,Gulab Jamun,24,24.0,22.0,20.285714285714285,6,4
2026-04-20,Gulab Jamun,20,24.0,17.0,20.571428571428573,0,4
2026-04-21,Gulab Jamun,19,20.0,20.0,21.0,1,4
2026-04-22,Gulab Jamun,17,19.0,18.0,20.857142857142858,2,4
2026-04-23,Gulab Jamun,19,17.0,19.0,20.714285714285715,3,4
2026-04-24,Gulab Jamun,24,19.0,22.0,20.714285714285715,4,4
2026-04-25,Gulab Jamun,25,24.0,24.0,21.0,5,4
2026-04-26,Gulab Jamun,24,25.0,24.0,21.142857142857142,6,4
2026-04-27,Gulab Jamun,19,24.0,20.0,21.142857142857142,0,4
2026-04-28,Gulab Jamun,20,19.0,19.0,21.0,1,4
2026-04-29,Gulab Jamun,20,20.0,17.0,21.142857142857142,2,4
2026-04-30,Gulab Jamun,19,20.0,19.0,21.571428571428573,3,4
2026-05-01,Gulab Jamun,25,19.0,24.0,21.571428571428573,4,5
2026-05-02,Gulab Jamun,26,25.0,25.0,21.714285714285715,5,5
2026-05-03,Gulab Jamun,23,26.0,24.0,21.857142857142858,6,5
2026-05-04,Gulab Jamun,19,23.0,19.0,21.714285714285715,0,5
2026-05-05,Gulab Jamun,19,19.0,20.0,21.714285714285715,1,5
2026-05-06,Gulab Jamun,19,19.0,20.0,21.571428571428573,2,5
2026-05-07,Gulab Jamun,19,19.0,19.0,21.428571428571427,3,5
2026-05-08,Gulab Jamun,26,19.0,25.0,21.428571428571427,4,5
2026-05-09,Gulab Jamun,25,26.0,26.0,21.571428571428573,5,5
2026-05-10,Gulab Jamun,22,25.0,23.0,21.428571428571427,6,5
2026-05-11,Gulab Jamun,21,22.0,19.0,21.285714285714285,0,5
2026-05-12,Gulab Jamun,19,21.0,19.0,21.571428571428573,1,5
2026-05-13,Gulab Jamun,19,19.0,19.0,21.571428571428573,2,5
2026-05-14,Gulab Jamun,21,19.0,19.0,21.571428571428573,3,5
2026-05-15,Gulab Jamun,23,21.0,26.0,21.857142857142858,4,5
2026-05-16,Gulab Jamun,29,23.0,25.0,21.428571428571427,5,5
2026-05-17,Gulab Jamun,24,29.0,22.0,22.0,6,5
2026-05-18,Gulab Jamun,19,24.0,21.0,22.285714285714285,0,5
2026-05-19,Gulab Jamun,22,19.0,19.0,22.0,1,5
2026-05-20,Gulab Jamun,19,22.0,19.0,22.428571428571427,2,5
2026-05-21,Gulab Jamun,20,19.0,21.0,22.428571428571427,3,5
2026-05-22,Gulab Jamun,24,20.0,23.0,22.285714285714285,4,5
2026-05-23,Gulab Jamun,28,24.0,29.0,22.428571428571427,5,5
2026-05-24,Gulab Jamun,25,28.0,24.0,22.285714285714285,6,5
2026-05-25,Gulab Jamun,20,25.0,19.0,22.428571428571427,0,5
2026-05-26,Gulab Jamun,19,20.0,22.0,22.571428571428573,1,5
2026-05-27,Gulab Jamun,20,19.0,19.0,22.142857142857142,2,5
2026-05-28,Gulab Jamun,19,20.0,20.0,22.285714285714285,3,5
2026-05-29,Gulab Jamun,26,19.0,24.0,22.142857142857142,4,5
2026-05-30,Gulab Jamun,27,26.0,28.0,22.428571428571427,5,5
2026-05-31,Gulab Jamun,23,27.0,25.0,22.285714285714285,6,5
2026-06-01,Gulab Jamun,22,23.0,20.0,22.0,0,6
2026-06-02,Gulab Jamun,20,22.0,19.0,22.285714285714285,1,6
2026-06-03,Gulab Jamun,20,20.0,20.0,22.428571428571427,2,6
2026-06-04,Gulab Jamun,23,20.0,19.0,22.428571428571427,3,6
2026-06-05,Gulab Jamun,25,23.0,26.0,23.0,4,6
2026-06-06,Gulab Jamun,28,25.0,27.0,22.857142857142858,5,6
2026-06-07,Gulab Jamun,27,28.0,23.0,23.0,6,6
2026-06-08,Gulab Jamun,23,27.0,22.0,23.571428571428573,0,6
2026-06-09,Gulab Jamun,22,23.0,20.0,23.714285714285715,1,6
2026-06-10,Gulab Jamun,23,22.0,20.0,24.0,2,6
2026-06-11,Gulab Jamun,21,23.0,23.0,24.428571428571427,3,6
2026-06-12,Gulab Jamun,24,21.0,25.0,24.142857142857142,4,6
2026-06-13,Gulab Jamun,31,24.0,28.0,24.0,5,6
2026-06-14,Gulab Jamun,25,31.0,27.0,24.428571428571427,6,6
2026-06-15,Gulab Jamun,21,25.0,23.0,24.142857142857142,0,6
2026-06-16,Gulab Jamun,23,21.0,22.0,23.857142857142858,1,6
2026-06-17,Gulab Jamun,22,23.0,23.0,24.0,2,6
2026-06-18,Gulab Jamun,22,22.0,21.0,23.857142857142858,3,6
2026-06-19,Gulab Jamun,29,22.0,24.0,24.0,4,6
2026-06-20,Gulab Jamun,28,29.0,31.0,24.714285714285715,5,6
2026-06-21,Gulab Jamun,27,28.0,25.0,24.285714285714285,6,6
2026-06-22,Gulab Jamun,22,27.0,21.0,24.571428571428573,0,6
2026-06-23,Gulab Jamun,22,22.0,23.0,24.714285714285715,1,6
2026-06-24,Gulab Jamun,23,22.0,22.0,24.571428571428573,2,6
2026-06-25,Gulab Jamun,22,23.0,22.0,24.714285714285715,3,6
2026-06-26,Gulab Jamun,27,22.0,29.0,24.714285714285715,4,6
2026-06-27,Gulab Jamun,31,27.0,28.0,24.428571428571427,5,6
2026-06-28,Gulab Jamun,25,31.0,27.0,24.857142857142858,6,6
2026-06-29,Gulab Jamun,21,25.0,22.0,24.571428571428573,0,6
2026-06-30,Gulab Jamun,20,21.0,22.0,24.428571428571427,1,6
2026-07-01,Gulab Jamun,19,20.0,23.0,24.142857142857142,2,7
2026-07-02,Gulab Jamun,24,19.0,22.0,23.571428571428573,3,7
2026-07-03,Gulab Jamun,24,24.0,27.0,23.857142857142858,4,7
2026-07-04,Gulab Jamun,29,24.0,31.0,23.428571428571427,5,7
2026-07-05,Gulab Jamun,26,29.0,25.0,23.142857142857142,6,7
2026-07-06,Gulab Jamun,22,26.0,21.0,23.285714285714285,0,7
2026-07-07,Gulab Jamun,22,22.0,20.0,23.428571428571427,1,7
2026-07-08,Gulab Jamun,22,22.0,19.0,23.714285714285715,2,7
2026-07-09,Gulab Jamun,21,22.0,24.0,24.142857142857142,3,7
2026-07-10,Gulab Jamun,26,21.0,24.0,23.714285714285715,4,7
2026-07-11,Gulab Jamun,30,26.0,29.0,24.0,5,7
2026-07-12,Gulab Jamun,26,30.0,26.0,24.142857142857142,6,7
2026-07-13,Gulab Jamun,23,26.0,22.0,24.142857142857142,0,7
2026-07-14,Gulab Jamun,22,23.0,22.0,24.285714285714285,1,7
2026-07-15,Gulab Jamun,22,22.0,22.0,24.285714285714285,2,7
2026-01-24,Hyderabadi Chicken Biryani,77,71.0,76.0,62.142857142857146,5,1
2026-01-25,Hyderabadi Chicken Biryani,64,77.0,65.0,62.285714285714285,6,1
2026-01-26,Hyderabadi Chicken Biryani,56,64.0,56.0,62.142857142857146,0,1
2026-01-27,Hyderabadi Chicken Biryani,53,56.0,59.0,62.142857142857146,1,1
2026-01-28,Hyderabadi Chicken Biryani,53,53.0,54.0,61.285714285714285,2,1
2026-01-29,Hyderabadi Chicken Biryani,55,53.0,54.0,61.142857142857146,3,1
2026-01-30,Hyderabadi Chicken Biryani,59,55.0,71.0,61.285714285714285,4,1
2026-01-31,Hyderabadi Chicken Biryani,67,59.0,77.0,59.57142857142857,5,1
2026-02-01,Hyderabadi Chicken Biryani,58,67.0,64.0,58.142857142857146,6,2
2026-02-02,Hyderabadi Chicken Biryani,47,58.0,56.0,57.285714285714285,0,2
2026-02-03,Hyderabadi Chicken Biryani,50,47.0,53.0,56.0,1,2
2026-02-04,Hyderabadi Chicken Biryani,47,50.0,53.0,55.57142857142857,2,2
2026-02-05,Hyderabadi Chicken Biryani,46,47.0,55.0,54.714285714285715,3,2
2026-02-06,Hyderabadi Chicken Biryani,64,46.0,59.0,53.42857142857143,4,2
2026-02-07,Hyderabadi Chicken Biryani,66,64.0,67.0,54.142857142857146,5,2
2026-02-08,Hyderabadi Chicken Biryani,60,66.0,58.0,54.0,6,2
2026-02-09,Hyderabadi Chicken Biryani,46,60.0,47.0,54.285714285714285,0,2
2026-02-10,Hyderabadi Chicken Biryani,48,46.0,50.0,54.142857142857146,1,2
2026-02-11,Hyderabadi Chicken Biryani,50,48.0,47.0,53.857142857142854,2,2
2026-02-12,Hyderabadi Chicken Biryani,47,50.0,46.0,54.285714285714285,3,2
2026-02-13,Hyderabadi Chicken Biryani,61,47.0,64.0,54.42857142857143,4,2
2026-02-14,Hyderabadi Chicken Biryani,65,61.0,66.0,54.0,5,2
2026-02-15,Hyderabadi Chicken Biryani,59,65.0,60.0,53.857142857142854,6,2
2026-02-16,Hyderabadi Chicken Biryani,48,59.0,46.0,53.714285714285715,0,2
2026-02-17,Hyderabadi Chicken Biryani,54,48.0,48.0,54.0,1,2
2026-02-18,Hyderabadi Chicken Biryani,49,54.0,50.0,54.857142857142854,2,2
2026-02-19,Hyderabadi Chicken Biryani,47,49.0,47.0,54.714285714285715,3,2
2026-02-20,Hyderabadi Chicken Biryani,62,47.0,61.0,54.714285714285715,4,2
2026-02-21,Hyderabadi Chicken Biryani,63,62.0,65.0,54.857142857142854,5,2
2026-02-22,Hyderabadi Chicken Biryani,60,63.0,59.0,54.57142857142857,6,2
2026-02-23,Hyderabadi Chicken Biryani,45,60.0,48.0,54.714285714285715,0,2
2026-02-24,Hyderabadi Chicken Biryani,46,45.0,54.0,54.285714285714285,1,2
2026-02-25,Hyderabadi Chicken Biryani,50,46.0,49.0,53.142857142857146,2,2
2026-02-26,Hyderabadi Chicken Biryani,51,50.0,47.0,53.285714285714285,3,2
2026-02-27,Hyderabadi Chicken Biryani,60,51.0,62.0,53.857142857142854,4,2
2026-02-28,Hyderabadi Chicken Biryani,67,60.0,63.0,53.57142857142857,5,2
2026-03-01,Hyderabadi Chicken Biryani,59,67.0,60.0,54.142857142857146,6,3
2026-03-02,Hyderabadi Chicken Biryani,46,59.0,45.0,54.0,0,3
2026-03-03,Hyderabadi Chicken Biryani,48,46.0,46.0,54.142857142857146,1,3
2026-03-04,Hyderabadi Chicken Biryani,48,48.0,50.0,54.42857142857143,2,3
2026-03-05,Hyderabadi Chicken Biryani,52,48.0,51.0,54.142857142857146,3,3
2026-03-06,Hyderabadi Chicken Biryani,61,52.0,60.0,54.285714285714285,4,3
2026-03-07,Hyderabadi Chicken Biryani,61,61.0,67.0,54.42857142857143,5,3
2026-03-08,Hyderabadi Chicken Biryani,60,61.0,59.0,53.57142857142857,6,3
2026-03-09,Hyderabadi Chicken Biryani,49,60.0,46.0,53.714285714285715,0,3
2026-03-10,Hyderabadi Chicken Biryani,48,49.0,48.0,54.142857142857146,1,3
2026-03-11,Hyderabadi Chicken Biryani,51,48.0,48.0,54.142857142857146,2,3
2026-03-12,Hyderabadi Chicken Biryani,52,51.0,52.0,54.57142857142857,3,3
2026-03-13,Hyderabadi Chicken Biryani,62,52.0,61.0,54.57142857142857,4,3
2026-03-14,Hyderabadi Chicken Biryani,64,62.0,61.0,54.714285714285715,5,3
2026-03-15,Hyderabadi Chicken Biryani,59,64.0,60.0,55.142857142857146,6,3
2026-03-16,Hyderabadi Chicken Biryani,50,59.0,49.0,55.0,0,3
2026-03-17,Hyderabadi Chicken Biryani,52,50.0,48.0,55.142857142857146,1,3
2026-03-18,Hyderabadi Chicken Biryani,48,52.0,51.0,55.714285714285715,2,3
2026-03-19,Hyderabadi Chicken Biryani,49,48.0,52.0,55.285714285714285,3,3
2026-03-20,Hyderabadi Chicken Biryani,56,49.0,62.0,54.857142857142854,4,3
2026-03-21,Hyderabadi Chicken Biryani,63,56.0,64.0,54.0,5,3
2026-03-22,Hyderabadi Chicken Biryani,62,63.0,59.0,53.857142857142854,6,3
2026-03-23,Hyderabadi Chicken Biryani,53,62.0,50.0,54.285714285714285,0,3
2026-03-24,Hyderabadi Chicken Biryani,49,53.0,52.0,54.714285714285715,1,3
2026-03-25,Hyderabadi Chicken Biryani,52,49.0,48.0,54.285714285714285,2,3
2026-03-26,Hyderabadi Chicken Biryani,50,52.0,49.0,54.857142857142854,3,3
2026-03-27,Hyderabadi Chicken Biryani,58,50.0,56.0,55.0,4,3
2026-03-28,Hyderabadi Chicken Biryani,68,58.0,63.0,55.285714285714285,5,3
2026-03-29,Hyderabadi Chicken Biryani,64,68.0,62.0,56.0,6,3
2026-03-30,Hyderabadi Chicken Biryani,49,64.0,53.0,56.285714285714285,0,3
2026-03-31,Hyderabadi Chicken Biryani,53,49.0,49.0,55.714285714285715,1,3
2026-04-01,Hyderabadi Chicken Biryani,43,53.0,52.0,56.285714285714285,2,4
2026-04-02,Hyderabadi Chicken Biryani,52,43.0,50.0,55.0,3,4
2026-04-03,Hyderabadi Chicken Biryani,60,52.0,58.0,55.285714285714285,4,4
2026-04-04,Hyderabadi Chicken Biryani,66,60.0,68.0,55.57142857142857,5,4
2026-04-05,Hyderabadi Chicken Biryani,60,66.0,64.0,55.285714285714285,6,4
2026-04-06,Hyderabadi Chicken Biryani,45,60.0,49.0,54.714285714285715,0,4
2026-04-07,Hyderabadi Chicken Biryani,49,45.0,53.0,54.142857142857146,1,4
2026-04-08,Hyderabadi Chicken Biryani,50,49.0,43.0,53.57142857142857,2,4
2026-04-09,Hyderabadi Chicken Biryani,53,50.0,52.0,54.57142857142857,3,4
2026-04-10,Hyderabadi Chicken Biryani,58,53.0,60.0,54.714285714285715,4,4
2026-04-11,Hyderabadi Chicken Biryani,64,58.0,66.0,54.42857142857143,5,4
2026-04-12,Hyderabadi Chicken Biryani,58,64.0,60.0,54.142857142857146,6,4
2026-04-13,Hyderabadi Chicken Biryani,52,58.0,45.0,53.857142857142854,0,4
2026-04-14,Hyderabadi Chicken Biryani,50,52.0,49.0,54.857142857142854,1,4
2026-04-15,Hyderabadi Chicken Biryani,48,50.0,50.0,55.0,2,4
2026-04-16,Hyderabadi Chicken Biryani,51,48.0,53.0,54.714285714285715,3,4
2026-04-17,Hyderabadi Chicken Biryani,60,51.0,58.0,54.42857142857143,4,4
2026-04-18,Hyderabadi Chicken Biryani,70,60.0,64.0,54.714285714285715,5,4
2026-04-19,Hyderabadi Chicken Biryani,57,70.0,58.0,55.57142857142857,6,4
2026-04-20,Hyderabadi Chicken Biryani,49,57.0,52.0,55.42857142857143,0,4
2026-04-21,Hyderabadi Chicken Biryani,49,49.0,50.0,55.0,1,4
2026-04-22,Hyderabadi Chicken Biryani,46,49.0,48.0,54.857142857142854,2,4
2026-04-23,Hyderabadi Chicken Biryani,50,46.0,51.0,54.57142857142857,3,4
2026-04-24,Hyderabadi Chicken Biryani,60,50.0,60.0,54.42857142857143,4,4
2026-04-25,Hyderabadi Chicken Biryani,67,60.0,70.0,54.42857142857143,5,4
2026-04-26,Hyderabadi Chicken Biryani,59,67.0,57.0,54.0,6,4
2026-04-27,Hyderabadi Chicken Biryani,46,59.0,49.0,54.285714285714285,0,4
2026-04-28,Hyderabadi Chicken Biryani,48,46.0,49.0,53.857142857142854,1,4
2026-04-29,Hyderabadi Chicken Biryani,49,48.0,46.0,53.714285714285715,2,4
2026-04-30,Hyderabadi Chicken Biryani,47,49.0,50.0,54.142857142857146,3,4
2026-05-01,Hyderabadi Chicken Biryani,59,47.0,60.0,53.714285714285715,4,5
2026-05-02,Hyderabadi Chicken Biryani,68,59.0,67.0,53.57142857142857,5,5
2026-05-03,Hyderabadi Chicken Biryani,65,68.0,59.0,53.714285714285715,6,5
2026-05-04,Hyderabadi Chicken Biryani,50,65.0,46.0,54.57142857142857,0,5
2026-05-05,Hyderabadi Chicken Biryani,50,50.0,48.0,55.142857142857146,1,5
2026-05-06,Hyderabadi Chicken Biryani,49,50.0,49.0,55.42857142857143,2,5
2026-05-07,Hyderabadi Chicken Biryani,45,49.0,47.0,55.42857142857143,3,5
2026-05-08,Hyderabadi Chicken Biryani,59,45.0,59.0,55.142857142857146,4,5
2026-05-09,Hyderabadi Chicken Biryani,67,59.0,68.0,55.142857142857146,5,5
2026-05-10,Hyderabadi Chicken Biryani,67,67.0,65.0,55.0,6,5
2026-05-11,Hyderabadi Chicken Biryani,49,67.0,50.0,55.285714285714285,0,5
2026-05-12,Hyderabadi Chicken Biryani,50,49.0,50.0,55.142857142857146,1,5
2026-05-13,Hyderabadi Chicken Biryani,49,50.0,49.0,55.142857142857146,2,5
2026-05-14,Hyderabadi Chicken Biryani,47,49.0,45.0,55.142857142857146,3,5
2026-05-15,Hyderabadi Chicken Biryani,63,47.0,59.0,55.42857142857143,4,5
2026-05-16,Hyderabadi Chicken Biryani,70,63.0,67.0,56.0,5,5
2026-05-17,Hyderabadi Chicken Biryani,62,70.0,67.0,56.42857142857143,6,5
2026-05-18,Hyderabadi Chicken Biryani,47,62.0,49.0,55.714285714285715,0,5
2026-05-19,Hyderabadi Chicken Biryani,53,47.0,50.0,55.42857142857143,1,5
2026-05-20,Hyderabadi Chicken Biryani,46,53.0,49.0,55.857142857142854,2,5
2026-05-21,Hyderabadi Chicken Biryani,51,46.0,47.0,55.42857142857143,3,5
2026-05-22,Hyderabadi Chicken Biryani,66,51.0,63.0,56.0,4,5
2026-05-23,Hyderabadi Chicken Biryani,64,66.0,70.0,56.42857142857143,5,5
2026-05-24,Hyderabadi Chicken Biryani,58,64.0,62.0,55.57142857142857,6,5
2026-05-25,Hyderabadi Chicken Biryani,50,58.0,47.0,55.0,0,5
2026-05-26,Hyderabadi Chicken Biryani,48,50.0,53.0,55.42857142857143,1,5
2026-05-27,Hyderabadi Chicken Biryani,46,48.0,46.0,54.714285714285715,2,5
2026-05-28,Hyderabadi Chicken Biryani,50,46.0,51.0,54.714285714285715,3,5
2026-05-29,Hyderabadi Chicken Biryani,56,50.0,66.0,54.57142857142857,4,5
2026-05-30,Hyderabadi Chicken Biryani,69,56.0,64.0,53.142857142857146,5,5
2026-05-31,Hyderabadi Chicken Biryani,57,69.0,58.0,53.857142857142854,6,5
2026-06-01,Hyderabadi Chicken Biryani,59,57.0,50.0,53.714285714285715,0,6
2026-06-02,Hyderabadi Chicken Biryani,52,59.0,48.0,55.0,1,6
2026-06-03,Hyderabadi Chicken Biryani,54,52.0,46.0,55.57142857142857,2,6
2026-06-04,Hyderabadi Chicken Biryani,57,54.0,50.0,56.714285714285715,3,6
2026-06-05,Hyderabadi Chicken Biryani,61,57.0,56.0,57.714285714285715,4,6
2026-06-06,Hyderabadi Chicken Biryani,75,61.0,69.0,58.42857142857143,5,6
2026-06-07,Hyderabadi Chicken Biryani,70,75.0,57.0,59.285714285714285,6,6
2026-06-08,Hyderabadi Chicken Biryani,50,70.0,59.0,61.142857142857146,0,6
2026-06-09,Hyderabadi Chicken Biryani,55,50.0,52.0,59.857142857142854,1,6
2026-06-10,Hyderabadi Chicken Biryani,55,55.0,54.0,60.285714285714285,2,6
2026-06-11,Hyderabadi Chicken Biryani,57,55.0,57.0,60.42857142857143,3,6
2026-06-12,Hyderabadi Chicken Biryani,61,57.0,61.0,60.42857142857143,4,6
2026-06-13,Hyderabadi Chicken Biryani,69,61.0,75.0,60.42857142857143,5,6
2026-06-14,Hyderabadi Chicken Biryani,67,69.0,70.0,59.57142857142857,6,6
2026-06-15,Hyderabadi Chicken Biryani,55,67.0,50.0,59.142857142857146,0,6
2026-06-16,Hyderabadi Chicken Biryani,55,55.0,55.0,59.857142857142854,1,6
2026-06-17,Hyderabadi Chicken Biryani,55,55.0,55.0,59.857142857142854,2,6
2026-06-18,Hyderabadi Chicken Biryani,53,55.0,57.0,59.857142857142854,3,6
2026-06-19,Hyderabadi Chicken Biryani,66,53.0,61.0,59.285714285714285,4,6
2026-06-20,Hyderabadi Chicken Biryani,75,66.0,69.0,60.0,5,6
2026-06-21,Hyderabadi Chicken Biryani,63,75.0,67.0,60.857142857142854,6,6
2026-06-22,Hyderabadi Chicken Biryani,60,63.0,55.0,60.285714285714285,0,6
2026-06-23,Hyderabadi Chicken Biryani,56,60.0,55.0,61.0,1,6
2026-06-24,Hyderabadi Chicken Biryani,51,56.0,55.0,61.142857142857146,2,6
2026-06-25,Hyderabadi Chicken Biryani,56,51.0,53.0,60.57142857142857,3,6
2026-06-26,Hyderabadi Chicken Biryani,62,56.0,66.0,61.0,4,6
2026-06-27,Hyderabadi Chicken Biryani,77,62.0,75.0,60.42857142857143,5,6
2026-06-28,Hyderabadi Chicken Biryani,69,77.0,63.0,60.714285714285715,6,6
2026-06-29,Hyderabadi Chicken Biryani,52,69.0,60.0,61.57142857142857,0,6
2026-06-30,Hyderabadi Chicken Biryani,57,52.0,56.0,60.42857142857143,1,6
2026-07-01,Hyderabadi Chicken Biryani,56,57.0,51.0,60.57142857142857,2,7
2026-07-02,Hyderabadi Chicken Biryani,57,56.0,56.0,61.285714285714285,3,7
2026-07-03,Hyderabadi Chicken Biryani,72,57.0,62.0,61.42857142857143,4,7
2026-07-04,Hyderabadi Chicken Biryani,73,72.0,77.0,62.857142857142854,5,7
2026-07-05,Hyderabadi Chicken Biryani,63,73.0,69.0,62.285714285714285,6,7
2026-07-06,Hyderabadi Chicken Biryani,52,63.0,52.0,61.42857142857143,0,7
2026-07-07,Hyderabadi Chicken Biryani,52,52.0,57.0,61.42857142857143,1,7
2026-07-08,Hyderabadi Chicken Biryani,54,52.0,56.0,60.714285714285715,2,7
2026-07-09,Hyderabadi Chicken Biryani,55,54.0,57.0,60.42857142857143,3,7
2026-07-10,Hyderabadi Chicken Biryani,66,55.0,72.0,60.142857142857146,4,7
2026-07-11,Hyderabadi Chicken Biryani,77,66.0,73.0,59.285714285714285,5,7
2026-07-12,Hyderabadi Chicken Biryani,66,77.0,63.0,59.857142857142854,6,7
2026-07-13,Hyderabadi Chicken Biryani,58,66.0,52.0,60.285714285714285,0,7
2026-07-14,Hyderabadi Chicken Biryani,54,58.0,52.0,61.142857142857146,1,7
2026-07-15,Hyderabadi Chicken Biryani,62,54.0,54.0,61.42857142857143,2,7
2026-01-24,Masala Dosa,66,61.0,69.0,54.142857142857146,5,1
2026-01-25,Masala Dosa,60,66.0,56.0,53.714285714285715,6,1
2026-01-26,Masala Dosa,48,60.0,50.0,54.285714285714285,0,1
2026-01-27,Masala Dosa,49,48.0,53.0,54.0,1,1
2026-01-28,Masala Dosa,49,49.0,43.0,53.42857142857143,2,1
2026-01-29,Masala Dosa,52,49.0,47.0,54.285714285714285,3,1
2026-01-30,Masala Dosa,60,52.0,61.0,55.0,4,1
2026-01-31,Masala Dosa,67,60.0,66.0,54.857142857142854,5,1
2026-02-01,Masala Dosa,52,67.0,60.0,55.0,6,2
2026-02-02,Masala Dosa,43,52.0,48.0,53.857142857142854,0,2
2026-02-03,Masala Dosa,44,43.0,49.0,53.142857142857146,1,2
2026-02-04,Masala Dosa,45,44.0,49.0,52.42857142857143,2,2
2026-02-05,Masala Dosa,44,45.0,52.0,51.857142857142854,3,2
2026-02-06,Masala Dosa,54,44.0,60.0,50.714285714285715,4,2
2026-02-07,Masala Dosa,67,54.0,67.0,49.857142857142854,5,2
2026-02-08,Masala Dosa,56,67.0,52.0,49.857142857142854,6,2
2026-02-09,Masala Dosa,44,56.0,43.0,50.42857142857143,0,2
2026-02-10,Masala Dosa,47,44.0,44.0,50.57142857142857,1,2
2026-02-11,Masala Dosa,44,47.0,45.0,51.0,2,2
2026-02-12,Masala Dosa,40,44.0,44.0,50.857142857142854,3,2
2026-02-13,Masala Dosa,51,40.0,54.0,50.285714285714285,4,2
2026-02-14,Masala Dosa,55,51.0,67.0,49.857142857142854,5,2
2026-02-15,Masala Dosa,53,55.0,56.0,48.142857142857146,6,2
2026-02-16,Masala Dosa,45,53.0,44.0,47.714285714285715,0,2
2026-02-17,Masala Dosa,48,45.0,47.0,47.857142857142854,1,2
2026-02-18,Masala Dosa,45,48.0,44.0,48.0,2,2
2026-02-19,Masala Dosa,44,45.0,40.0,48.142857142857146,3,2
2026-02-20,Masala Dosa,56,44.0,51.0,48.714285714285715,4,2
2026-02-21,Masala Dosa,54,56.0,55.0,49.42857142857143,5,2
2026-02-22,Masala Dosa,54,54.0,53.0,49.285714285714285,6,2
2026-02-23,Masala Dosa,46,54.0,45.0,49.42857142857143,0,2
2026-02-24,Masala Dosa,41,46.0,48.0,49.57142857142857,1,2
2026-02-25,Masala Dosa,47,41.0,45.0,48.57142857142857,2,2
2026-02-26,Masala Dosa,45,47.0,44.0,48.857142857142854,3,2
2026-02-27,Masala Dosa,52,45.0,56.0,49.0,4,2
2026-02-28,Masala Dosa,62,52.0,54.0,48.42857142857143,5,2
2026-03-01,Masala Dosa,60,62.0,54.0,49.57142857142857,6,3
2026-03-02,Masala Dosa,45,60.0,46.0,50.42857142857143,0,3
2026-03-03,Masala Dosa,45,45.0,41.0,50.285714285714285,1,3
2026-03-04,Masala Dosa,43,45.0,47.0,50.857142857142854,2,3
2026-03-05,Masala Dosa,43,43.0,45.0,50.285714285714285,3,3
2026-03-06,Masala Dosa,56,43.0,52.0,50.0,4,3
2026-03-07,Masala Dosa,58,56.0,62.0,50.57142857142857,5,3
2026-03-08,Masala Dosa,54,58.0,60.0,50.0,6,3
2026-03-09,Masala Dosa,43,54.0,45.0,49.142857142857146,0,3
2026-03-10,Masala Dosa,46,43.0,45.0,48.857142857142854,1,3
2026-03-11,Masala Dosa,45,46.0,43.0,49.0,2,3
2026-03-12,Masala Dosa,47,45.0,43.0,49.285714285714285,3,3
2026-03-13,Masala Dosa,52,47.0,56.0,49.857142857142854,4,3
2026-03-14,Masala Dosa,59,52.0,58.0,49.285714285714285,5,3
2026-03-15,Masala Dosa,51,59.0,54.0,49.42857142857143,6,3
2026-03-16,Masala Dosa,44,51.0,43.0,49.0,0,3
2026-03-17,Masala Dosa,45,44.0,46.0,49.142857142857146,1,3
2026-03-18,Masala Dosa,46,45.0,45.0,49.0,2,3
2026-03-19,Masala Dosa,42,46.0,47.0,49.142857142857146,3,3
2026-03-20,Masala Dosa,56,42.0,52.0,48.42857142857143,4,3
2026-03-21,Masala Dosa,64,56.0,59.0,49.0,5,3
2026-03-22,Masala Dosa,55,64.0,51.0,49.714285714285715,6,3
2026-03-23,Masala Dosa,49,55.0,44.0,50.285714285714285,0,3
2026-03-24,Masala Dosa,43,49.0,45.0,51.0,1,3
2026-03-25,Masala Dosa,42,43.0,46.0,50.714285714285715,2,3
2026-03-26,Masala Dosa,40,42.0,42.0,50.142857142857146,3,3
2026-03-27,Masala Dosa,58,40.0,56.0,49.857142857142854,4,3
2026-03-28,Masala Dosa,62,58.0,64.0,50.142857142857146,5,3
2026-03-29,Masala Dosa,53,62.0,55.0,49.857142857142854,6,3
2026-03-30,Masala Dosa,45,53.0,49.0,49.57142857142857,0,3
2026-03-31,Masala Dosa,42,45.0,43.0,49.0,1,3
2026-04-01,Masala Dosa,50,42.0,42.0,48.857142857142854,2,4
2026-04-02,Masala Dosa,45,50.0,40.0,50.0,3,4
2026-04-03,Masala Dosa,54,45.0,58.0,50.714285714285715,4,4
2026-04-04,Masala Dosa,62,54.0,62.0,50.142857142857146,5,4
2026-04-05,Masala Dosa,55,62.0,53.0,50.142857142857146,6,4
2026-04-06,Masala Dosa,45,55.0,45.0,50.42857142857143,0,4
2026-04-07,Masala Dosa,43,45.0,42.0,50.42857142857143,1,4
2026-04-08,Masala Dosa,46,43.0,50.0,50.57142857142857,2,4
2026-04-09,Masala Dosa,49,46.0,45.0,50.0,3,4
2026-04-10,Masala Dosa,57,49.0,54.0,50.57142857142857,4,4
2026-04-11,Masala Dosa,65,57.0,62.0,51.0,5,4
2026-04-12,Masala Dosa,52,65.0,55.0,51.42857142857143,6,4
2026-04-13,Masala Dosa,42,52.0,45.0,51.0,0,4
2026-04-14,Masala Dosa,44,42.0,43.0,50.57142857142857,1,4
2026-04-15,Masala Dosa,45,44.0,46.0,50.714285714285715,2,4
2026-04-16,Masala Dosa,47,45.0,49.0,50.57142857142857,3,4
2026-04-17,Masala Dosa,49,47.0,57.0,50.285714285714285,4,4
2026-04-18,Masala Dosa,65,49.0,65.0,49.142857142857146,5,4
2026-04-19,Masala Dosa,53,65.0,52.0,49.142857142857146,6,4
2026-04-20,Masala Dosa,44,53.0,42.0,49.285714285714285,0,4
2026-04-21,Masala Dosa,42,44.0,44.0,49.57142857142857,1,4
2026-04-22,Masala Dosa,41,42.0,45.0,49.285714285714285,2,4
2026-04-23,Masala Dosa,46,41.0,47.0,48.714285714285715,3,4
2026-04-24,Masala Dosa,54,46.0,49.0,48.57142857142857,4,4
2026-04-25,Masala Dosa,56,54.0,65.0,49.285714285714285,5,4
2026-04-26,Masala Dosa,50,56.0,53.0,48.0,6,4
2026-04-27,Masala Dosa,44,50.0,44.0,47.57142857142857,0,4
2026-04-28,Masala Dosa,48,44.0,42.0,47.57142857142857,1,4
2026-04-29,Masala Dosa,44,48.0,41.0,48.42857142857143,2,4
2026-04-30,Masala Dosa,41,44.0,46.0,48.857142857142854,3,4
2026-05-01,Masala Dosa,53,41.0,54.0,48.142857142857146,4,5
2026-05-02,Masala Dosa,59,53.0,56.0,48.0,5,5
2026-05-03,Masala Dosa,46,59.0,50.0,48.42857142857143,6,5
2026-05-04,Masala Dosa,44,46.0,44.0,47.857142857142854,0,5
2026-05-05,Masala Dosa,44,44.0,48.0,47.857142857142854,1,5
2026-05-06,Masala Dosa,46,44.0,44.0,47.285714285714285,2,5
2026-05-07,Masala Dosa,49,46.0,41.0,47.57142857142857,3,5
2026-05-08,Masala Dosa,57,49.0,53.0,48.714285714285715,4,5
2026-05-09,Masala Dosa,59,57.0,59.0,49.285714285714285,5,5
2026-05-10,Masala Dosa,51,59.0,46.0,49.285714285714285,6,5
2026-05-11,Masala Dosa,50,51.0,44.0,50.0,0,5
2026-05-12,Masala Dosa,45,50.0,44.0,50.857142857142854,1,5
2026-05-13,Masala Dosa,45,45.0,46.0,51.0,2,5
2026-05-14,Masala Dosa,44,45.0,49.0,50.857142857142854,3,5
2026-05-15,Masala Dosa,54,44.0,57.0,50.142857142857146,4,5
2026-05-16,Masala Dosa,60,54.0,59.0,49.714285714285715,5,5
2026-05-17,Masala Dosa,52,60.0,51.0,49.857142857142854,6,5
2026-05-18,Masala Dosa,43,52.0,50.0,50.0,0,5
2026-05-19,Masala Dosa,44,43.0,45.0,49.0,1,5
2026-05-20,Masala Dosa,43,44.0,45.0,48.857142857142854,2,5
2026-05-21,Masala Dosa,43,43.0,44.0,48.57142857142857,3,5
2026-05-22,Masala Dosa,54,43.0,54.0,48.42857142857143,4,5
2026-05-23,Masala Dosa,59,54.0,60.0,48.42857142857143,5,5
2026-05-24,Masala Dosa,58,59.0,52.0,48.285714285714285,6,5
2026-05-25,Masala Dosa,39,58.0,43.0,49.142857142857146,0,5
2026-05-26,Masala Dosa,47,39.0,44.0,48.57142857142857,1,5
2026-05-27,Masala Dosa,47,47.0,43.0,49.0,2,5
2026-05-28,Masala Dosa,40,47.0,43.0,49.57142857142857,3,5
2026-05-29,Masala Dosa,53,40.0,54.0,49.142857142857146,4,5
2026-05-30,Masala Dosa,59,53.0,59.0,49.0,5,5
2026-05-31,Masala Dosa,50,59.0,58.0,49.0,6,5
2026-06-01,Masala Dosa,47,50.0,39.0,47.857142857142854,0,6
2026-06-02,Masala Dosa,46,47.0,47.0,49.0,1,6
2026-06-03,Masala Dosa,53,46.0,47.0,48.857142857142854,2,6
2026-06-04,Masala Dosa,51,53.0,40.0,49.714285714285715,3,6
2026-06-05,Masala Dosa,63,51.0,53.0,51.285714285714285,4,6
2026-06-06,Masala Dosa,69,63.0,59.0,52.714285714285715,5,6
2026-06-07,Masala Dosa,56,69.0,50.0,54.142857142857146,6,6
2026-06-08,Masala Dosa,48,56.0,47.0,55.0,0,6
2026-06-09,Masala Dosa,50,48.0,46.0,55.142857142857146,1,6
2026-06-10,Masala Dosa,46,50.0,53.0,55.714285714285715,2,6
2026-06-11,Masala Dosa,51,46.0,51.0,54.714285714285715,3,6
2026-06-12,Masala Dosa,58,51.0,63.0,54.714285714285715,4,6
2026-06-13,Masala Dosa,65,58.0,69.0,54.0,5,6
2026-06-14,Masala Dosa,61,65.0,56.0,53.42857142857143,6,6
2026-06-15,Masala Dosa,50,61.0,48.0,54.142857142857146,0,6
2026-06-16,Masala Dosa,48,50.0,50.0,54.42857142857143,1,6
2026-06-17,Masala Dosa,52,48.0,46.0,54.142857142857146,2,6
2026-06-18,Masala Dosa,46,52.0,51.0,55.0,3,6
2026-06-19,Masala Dosa,61,46.0,58.0,54.285714285714285,4,6
2026-06-20,Masala Dosa,68,61.0,65.0,54.714285714285715,5,6
2026-06-21,Masala Dosa,58,68.0,61.0,55.142857142857146,6,6
2026-06-22,Masala Dosa,50,58.0,50.0,54.714285714285715,0,6
2026-06-23,Masala Dosa,46,50.0,48.0,54.714285714285715,1,6
2026-06-24,Masala Dosa,51,46.0,52.0,54.42857142857143,2,6
2026-06-25,Masala Dosa,49,51.0,46.0,54.285714285714285,3,6
2026-06-26,Masala Dosa,57,49.0,61.0,54.714285714285715,4,6
2026-06-27,Masala Dosa,70,57.0,68.0,54.142857142857146,5,6
2026-06-28,Masala Dosa,57,70.0,58.0,54.42857142857143,6,6
2026-06-29,Masala Dosa,46,57.0,50.0,54.285714285714285,0,6
2026-06-30,Masala Dosa,45,46.0,46.0,53.714285714285715,1,6
2026-07-01,Masala Dosa,50,45.0,51.0,53.57142857142857,2,7
2026-07-02,Masala Dosa,46,50.0,49.0,53.42857142857143,3,7
2026-07-03,Masala Dosa,64,46.0,57.0,53.0,4,7
2026-07-04,Masala Dosa,59,64.0,70.0,54.0,5,7
2026-07-05,Masala Dosa,64,59.0,57.0,52.42857142857143,6,7
2026-07-06,Masala Dosa,50,64.0,46.0,53.42857142857143,0,7
2026-07-07,Masala Dosa,49,50.0,45.0,54.0,1,7
2026-07-08,Masala Dosa,48,49.0,50.0,54.57142857142857,2,7
2026-07-09,Masala Dosa,50,48.0,46.0,54.285714285714285,3,7
2026-07-10,Masala Dosa,59,50.0,64.0,54.857142857142854,4,7
2026-07-11,Masala Dosa,70,59.0,59.0,54.142857142857146,5,7
2026-07-12,Masala Dosa,59,70.0,64.0,55.714285714285715,6,7
2026-07-13,Masala Dosa,49,59.0,50.0,55.0,0,7
2026-07-14,Masala Dosa,48,49.0,49.0,54.857142857142854,1,7
2026-07-15,Masala Dosa,49,48.0,48.0,54.714285714285715,2,7
2026-01-24,Paneer Butter Masala,51,47.0,53.0,42.285714285714285,5,1
2026-01-25,Paneer Butter Masala,44,51.0,44.0,42.0,6,1
2026-01-26,Paneer Butter Masala,35,44.0,36.0,42.0,0,1
2026-01-27,Paneer Butter Masala,37,35.0,39.0,41.857142857142854,1,1
2026-01-28,Paneer Butter Masala,40,37.0,38.0,41.57142857142857,2,1
2026-01-29,Paneer Butter Masala,38,40.0,39.0,41.857142857142854,3,1
2026-01-30,Paneer Butter Masala,43,38.0,47.0,41.714285714285715,4,1
2026-01-31,Paneer Butter Masala,52,43.0,51.0,41.142857142857146,5,1
2026-02-01,Paneer Butter Masala,42,52.0,44.0,41.285714285714285,6,2
2026-02-02,Paneer Butter Masala,33,42.0,35.0,41.0,0,2
2026-02-03,Paneer Butter Masala,35,33.0,37.0,40.714285714285715,1,2
2026-02-04,Paneer Butter Masala,35,35.0,40.0,40.42857142857143,2,2
2026-02-05,Paneer Butter Masala,32,35.0,38.0,39.714285714285715,3,2
2026-02-06,Paneer Butter Masala,42,32.0,43.0,38.857142857142854,4,2
2026-02-07,Paneer Butter Masala,48,42.0,52.0,38.714285714285715,5,2
2026-02-08,Paneer Butter Masala,44,48.0,42.0,38.142857142857146,6,2
2026-02-09,Paneer Butter Masala,36,44.0,33.0,38.42857142857143,0,2
2026-02-10,Paneer Butter Masala,32,36.0,35.0,38.857142857142854,1,2
2026-02-11,Paneer Butter Masala,33,32.0,35.0,38.42857142857143,2,2
2026-02-12,Paneer Butter Masala,35,33.0,32.0,38.142857142857146,3,2
2026-02-13,Paneer Butter Masala,43,35.0,42.0,38.57142857142857,4,2
2026-02-14,Paneer Butter Masala,48,43.0,48.0,38.714285714285715,5,2
2026-02-15,Paneer Butter Masala,50,48.0,44.0,38.714285714285715,6,2
2026-02-16,Paneer Butter Masala,35,50.0,36.0,39.57142857142857,0,2
2026-02-17,Paneer Butter Masala,36,35.0,32.0,39.42857142857143,1,2
2026-02-18,Paneer Butter Masala,36,36.0,33.0,40.0,2,2
2026-02-19,Paneer Butter Masala,36,36.0,35.0,40.42857142857143,3,2
2026-02-20,Paneer Butter Masala,41,36.0,43.0,40.57142857142857,4,2
2026-02-21,Paneer Butter Masala,49,41.0,48.0,40.285714285714285,5,2
2026-02-22,Paneer Butter Masala,40,49.0,50.0,40.42857142857143,6,2
2026-02-23,Paneer Butter Masala,34,40.0,35.0,39.0,0,2
2026-02-24,Paneer Butter Masala,34,34.0,36.0,38.857142857142854,1,2
2026-02-25,Paneer Butter Masala,35,34.0,36.0,38.57142857142857,2,2
2026-02-26,Paneer Butter Masala,39,35.0,36.0,38.42857142857143,3,2
2026-02-27,Paneer Butter Masala,38,39.0,41.0,38.857142857142854,4,2
2026-02-28,Paneer Butter Masala,48,38.0,49.0,38.42857142857143,5,2
2026-03-01,Paneer Butter Masala,38,48.0,40.0,38.285714285714285,6,3
2026-03-02,Paneer Butter Masala,34,38.0,34.0,38.0,0,3
2026-03-03,Paneer Butter Masala,36,34.0,34.0,38.0,1,3
2026-03-04,Paneer Butter Masala,35,36.0,35.0,38.285714285714285,2,3
2026-03-05,Paneer Butter Masala,33,35.0,39.0,38.285714285714285,3,3
2026-03-06,Paneer Butter Masala,40,33.0,38.0,37.42857142857143,4,3
2026-03-07,Paneer Butter Masala,48,40.0,48.0,37.714285714285715,5,3
2026-03-08,Paneer Butter Masala,40,48.0,38.0,37.714285714285715,6,3
2026-03-09,Paneer Butter Masala,35,40.0,34.0,38.0,0,3
2026-03-10,Paneer Butter Masala,35,35.0,36.0,38.142857142857146,1,3
2026-03-11,Paneer Butter Masala,33,35.0,35.0,38.0,2,3
2026-03-12,Paneer Butter Masala,38,33.0,33.0,37.714285714285715,3,3
2026-03-13,Paneer Butter Masala,43,38.0,40.0,38.42857142857143,4,3
2026-03-14,Paneer Butter Masala,42,43.0,48.0,38.857142857142854,5,3
2026-03-15,Paneer Butter Masala,42,42.0,40.0,38.0,6,3
2026-03-16,Paneer Butter Masala,33,42.0,35.0,38.285714285714285,0,3
2026-03-17,Paneer Butter Masala,36,33.0,35.0,38.0,1,3
2026-03-18,Paneer Butter Masala,33,36.0,33.0,38.142857142857146,2,3
2026-03-19,Paneer Butter Masala,34,33.0,38.0,38.142857142857146,3,3
2026-03-20,Paneer Butter Masala,43,34.0,43.0,37.57142857142857,4,3
2026-03-21,Paneer Butter Masala,49,43.0,42.0,37.57142857142857,5,3
2026-03-22,Paneer Butter Masala,39,49.0,42.0,38.57142857142857,6,3
2026-03-23,Paneer Butter Masala,34,39.0,33.0,38.142857142857146,0,3
2026-03-24,Paneer Butter Masala,34,34.0,36.0,38.285714285714285,1,3
2026-03-25,Paneer Butter Masala,33,34.0,33.0,38.0,2,3
2026-03-26,Paneer Butter Masala,38,33.0,34.0,38.0,3,3
2026-03-27,Paneer Butter Masala,42,38.0,43.0,38.57142857142857,4,3
2026-03-28,Paneer Butter Masala,44,42.0,49.0,38.42857142857143,5,3
2026-03-29,Paneer Butter Masala,43,44.0,39.0,37.714285714285715,6,3
2026-03-30,Paneer Butter Masala,38,43.0,34.0,38.285714285714285,0,3
2026-03-31,Paneer Butter Masala,36,38.0,34.0,38.857142857142854,1,3
2026-04-01,Paneer Butter Masala,32,36.0,33.0,39.142857142857146,2,4
2026-04-02,Paneer Butter Masala,34,32.0,38.0,39.0,3,4
2026-04-03,Paneer Butter Masala,44,34.0,42.0,38.42857142857143,4,4
2026-04-04,Paneer Butter Masala,45,44.0,44.0,38.714285714285715,5,4
2026-04-05,Paneer Butter Masala,42,45.0,43.0,38.857142857142854,6,4
2026-04-06,Paneer Butter Masala,36,42.0,38.0,38.714285714285715,0,4
2026-04-07,Paneer Butter Masala,33,36.0,36.0,38.42857142857143,1,4
2026-04-08,Paneer Butter Masala,34,33.0,32.0,38.0,2,4
2026-04-09,Paneer Butter Masala,29,34.0,34.0,38.285714285714285,3,4
2026-04-10,Paneer Butter Masala,39,29.0,44.0,37.57142857142857,4,4
2026-04-11,Paneer Butter Masala,46,39.0,45.0,36.857142857142854,5,4
2026-04-12,Paneer Butter Masala,39,46.0,42.0,37.0,6,4
2026-04-13,Paneer Butter Masala,37,39.0,36.0,36.57142857142857,0,4
2026-04-14,Paneer Butter Masala,32,37.0,33.0,36.714285714285715,1,4
2026-04-15,Paneer Butter Masala,34,32.0,34.0,36.57142857142857,2,4
2026-04-16,Paneer Butter Masala,35,34.0,29.0,36.57142857142857,3,4
2026-04-17,Paneer Butter Masala,45,35.0,39.0,37.42857142857143,4,4
2026-04-18,Paneer Butter Masala,43,45.0,46.0,38.285714285714285,5,4
2026-04-19,Paneer Butter Masala,44,43.0,39.0,37.857142857142854,6,4
2026-04-20,Paneer Butter Masala,35,44.0,37.0,38.57142857142857,0,4
2026-04-21,Paneer Butter Masala,33,35.0,32.0,38.285714285714285,1,4
2026-04-22,Paneer Butter Masala,35,33.0,34.0,38.42857142857143,2,4
2026-04-23,Paneer Butter Masala,35,35.0,35.0,38.57142857142857,3,4
2026-04-24,Paneer Butter Masala,40,35.0,45.0,38.57142857142857,4,4
2026-04-25,Paneer Butter Masala,47,40.0,43.0,37.857142857142854,5,4
2026-04-26,Paneer Butter Masala,41,47.0,44.0,38.42857142857143,6,4
2026-04-27,Paneer Butter Masala,35,41.0,35.0,38.0,0,4
2026-04-28,Paneer Butter Masala,36,35.0,33.0,38.0,1,4
2026-04-29,Paneer Butter Masala,37,36.0,35.0,38.42857142857143,2,4
2026-04-30,Paneer Butter Masala,32,37.0,35.0,38.714285714285715,3,4
2026-05-01,Paneer Butter Masala,46,32.0,40.0,38.285714285714285,4,5
2026-05-02,Paneer Butter Masala,42,46.0,47.0,39.142857142857146,5,5
2026-05-03,Paneer Butter Masala,41,42.0,41.0,38.42857142857143,6,5
2026-05-04,Paneer Butter Masala,36,41.0,35.0,38.42857142857143,0,5
2026-05-05,Paneer Butter Masala,35,36.0,36.0,38.57142857142857,1,5
2026-05-06,Paneer Butter Masala,33,35.0,37.0,38.42857142857143,2,5
2026-05-07,Paneer Butter Masala,34,33.0,32.0,37.857142857142854,3,5
2026-05-08,Paneer Butter Masala,40,34.0,46.0,38.142857142857146,4,5
2026-05-09,Paneer Butter Masala,45,40.0,42.0,37.285714285714285,5,5
2026-05-10,Paneer Butter Masala,43,45.0,41.0,37.714285714285715,6,5
2026-05-11,Paneer Butter Masala,35,43.0,36.0,38.0,0,5
2026-05-12,Paneer Butter Masala,33,35.0,35.0,37.857142857142854,1,5
2026-05-13,Paneer Butter Masala,36,33.0,33.0,37.57142857142857,2,5
2026-05-14,Paneer Butter Masala,35,36.0,34.0,38.0,3,5
2026-05-15,Paneer Butter Masala,43,35.0,40.0,38.142857142857146,4,5
2026-05-16,Paneer Butter Masala,48,43.0,45.0,38.57142857142857,5,5
2026-05-17,Paneer Butter Masala,40,48.0,43.0,39.0,6,5
2026-05-18,Paneer Butter Masala,34,40.0,35.0,38.57142857142857,0,5
2026-05-19,Paneer Butter Masala,36,34.0,33.0,38.42857142857143,1,5
2026-05-20,Paneer Butter Masala,36,36.0,36.0,38.857142857142854,2,5
2026-05-21,Paneer Butter Masala,34,36.0,35.0,38.857142857142854,3,5
2026-05-22,Paneer Butter Masala,42,34.0,43.0,38.714285714285715,4,5
2026-05-23,Paneer Butter Masala,50,42.0,48.0,38.57142857142857,5,5
2026-05-24,Paneer Butter Masala,40,50.0,40.0,38.857142857142854,6,5
2026-05-25,Paneer Butter Masala,35,40.0,34.0,38.857142857142854,0,5
2026-05-26,Paneer Butter Masala,34,35.0,36.0,39.0,1,5
2026-05-27,Paneer Butter Masala,34,34.0,36.0,38.714285714285715,2,5
2026-05-28,Paneer Butter Masala,36,34.0,34.0,38.42857142857143,3,5
2026-05-29,Paneer Butter Masala,43,36.0,42.0,38.714285714285715,4,5
2026-05-30,Paneer Butter Masala,49,43.0,50.0,38.857142857142854,5,5
2026-05-31,Paneer Butter Masala,44,49.0,40.0,38.714285714285715,6,5
2026-06-01,Paneer Butter Masala,38,44.0,35.0,39.285714285714285,0,6
2026-06-02,Paneer Butter Masala,39,38.0,34.0,39.714285714285715,1,6
2026-06-03,Paneer Butter Masala,37,39.0,34.0,40.42857142857143,2,6
2026-06-04,Paneer Butter Masala,39,37.0,36.0,40.857142857142854,3,6
2026-06-05,Paneer Butter Masala,45,39.0,43.0,41.285714285714285,4,6
2026-06-06,Paneer Butter Masala,52,45.0,49.0,41.57142857142857,5,6
2026-06-07,Paneer Butter Masala,47,52.0,44.0,42.0,6,6
2026-06-08,Paneer Butter Masala,36,47.0,38.0,42.42857142857143,0,6
2026-06-09,Paneer Butter Masala,42,36.0,39.0,42.142857142857146,1,6
2026-06-10,Paneer Butter Masala,36,42.0,37.0,42.57142857142857,2,6
2026-06-11,Paneer Butter Masala,36,36.0,39.0,42.42857142857143,3,6
2026-06-12,Paneer Butter Masala,48,36.0,45.0,42.0,4,6
2026-06-13,Paneer Butter Masala,54,48.0,52.0,42.42857142857143,5,6
2026-06-14,Paneer Butter Masala,47,54.0,47.0,42.714285714285715,6,6
2026-06-15,Paneer Butter Masala,39,47.0,36.0,42.714285714285715,0,6
2026-06-16,Paneer Butter Masala,38,39.0,42.0,43.142857142857146,1,6
2026-06-17,Paneer Butter Masala,36,38.0,36.0,42.57142857142857,2,6
2026-06-18,Paneer Butter Masala,38,36.0,36.0,42.57142857142857,3,6
2026-06-19,Paneer Butter Masala,44,38.0,48.0,42.857142857142854,4,6
2026-06-20,Paneer Butter Masala,54,44.0,54.0,42.285714285714285,5,6
2026-06-21,Paneer Butter Masala,45,54.0,47.0,42.285714285714285,6,6
2026-06-22,Paneer Butter Masala,36,45.0,39.0,42.0,0,6
2026-06-23,Paneer Butter Masala,37,36.0,38.0,41.57142857142857,1,6
2026-06-24,Paneer Butter Masala,39,37.0,36.0,41.42857142857143,2,6
2026-06-25,Paneer Butter Masala,37,39.0,38.0,41.857142857142854,3,6
2026-06-26,Paneer Butter Masala,44,37.0,44.0,41.714285714285715,4,6
2026-06-27,Paneer Butter Masala,52,44.0,54.0,41.714285714285715,5,6
2026-06-28,Paneer Butter Masala,46,52.0,45.0,41.42857142857143,6,6
2026-06-29,Paneer Butter Masala,37,46.0,36.0,41.57142857142857,0,6
2026-06-30,Paneer Butter Masala,37,37.0,37.0,41.714285714285715,1,6
2026-07-01,Paneer Butter Masala,38,37.0,39.0,41.714285714285715,2,7
2026-07-02,Paneer Butter Masala,35,38.0,37.0,41.57142857142857,3,7
2026-07-03,Paneer Butter Masala,42,35.0,44.0,41.285714285714285,4,7
2026-07-04,Paneer Butter Masala,50,42.0,52.0,41.0,5,7
2026-07-05,Paneer Butter Masala,45,50.0,46.0,40.714285714285715,6,7
2026-07-06,Paneer Butter Masala,39,45.0,37.0,40.57142857142857,0,7
2026-07-07,Paneer Butter Masala,41,39.0,37.0,40.857142857142854,1,7
2026-07-08,Paneer Butter Masala,40,41.0,38.0,41.42857142857143,2,7
2026-07-09,Paneer Butter Masala,38,40.0,35.0,41.714285714285715,3,7
2026-07-10,Paneer Butter Masala,46,38.0,42.0,42.142857142857146,4,7
2026-07-11,Paneer Butter Masala,49,46.0,50.0,42.714285714285715,5,7
2026-07-12,Paneer Butter Masala,46,49.0,45.0,42.57142857142857,6,7
2026-07-13,Paneer Butter Masala,37,46.0,39.0,42.714285714285715,0,7
2026-07-14,Paneer Butter Masala,39,37.0,41.0,42.42857142857143,1,7
2026-07-15,Paneer Butter Masala,36,39.0,40.0,42.142857142857146,2,7
2026-01-24,Tandoori Chicken,45,41.0,43.0,36.57142857142857,5,1
2026-01-25,Tandoori Chicken,39,45.0,38.0,36.857142857142854,6,1
2026-01-26,Tandoori Chicken,32,39.0,32.0,37.0,0,1
2026-01-27,Tandoori Chicken,32,32.0,36.0,37.0,1,1
2026-01-28,Tandoori Chicken,32,32.0,33.0,36.42857142857143,2,1
2026-01-29,Tandoori Chicken,34,32.0,33.0,36.285714285714285,3,1
2026-01-30,Tandoori Chicken,39,34.0,41.0,36.42857142857143,4,1
2026-01-31,Tandoori Chicken,46,39.0,45.0,36.142857142857146,5,1
2026-02-01,Tandoori Chicken,35,46.0,39.0,36.285714285714285,6,2
2026-02-02,Tandoori Chicken,30,35.0,32.0,35.714285714285715,0,2
2026-02-03,Tandoori Chicken,27,30.0,32.0,35.42857142857143,1,2
2026-02-04,Tandoori Chicken,31,27.0,32.0,34.714285714285715,2,2
2026-02-05,Tandoori Chicken,30,31.0,34.0,34.57142857142857,3,2
2026-02-06,Tandoori Chicken,37,30.0,39.0,34.0,4,2
2026-02-07,Tandoori Chicken,34,37.0,46.0,33.714285714285715,5,2
2026-02-08,Tandoori Chicken,39,34.0,35.0,32.0,6,2
2026-02-09,Tandoori Chicken,29,39.0,30.0,32.57142857142857,0,2
2026-02-10,Tandoori Chicken,31,29.0,27.0,32.42857142857143,1,2
2026-02-11,Tandoori Chicken,28,31.0,31.0,33.0,2,2
2026-02-12,Tandoori Chicken,30,28.0,30.0,32.57142857142857,3,2
2026-02-13,Tandoori Chicken,34,30.0,37.0,32.57142857142857,4,2
2026-02-14,Tandoori Chicken,39,34.0,34.0,32.142857142857146,5,2
2026-02-15,Tandoori Chicken,39,39.0,39.0,32.857142857142854,6,2
2026-02-16,Tandoori Chicken,29,39.0,29.0,32.857142857142854,0,2
2026-02-17,Tandoori Chicken,30,29.0,31.0,32.857142857142854,1,2
2026-02-18,Tandoori Chicken,31,30.0,28.0,32.714285714285715,2,2
2026-02-19,Tandoori Chicken,30,31.0,30.0,33.142857142857146,3,2
2026-02-20,Tandoori Chicken,36,30.0,34.0,33.142857142857146,4,2
2026-02-21,Tandoori Chicken,41,36.0,39.0,33.42857142857143,5,2
2026-02-22,Tandoori Chicken,40,41.0,39.0,33.714285714285715,6,2
2026-02-23,Tandoori Chicken,29,40.0,29.0,33.857142857142854,0,2
2026-02-24,Tandoori Chicken,30,29.0,30.0,33.857142857142854,1,2
2026-02-25,Tandoori Chicken,31,30.0,31.0,33.857142857142854,2,2
2026-02-26,Tandoori Chicken,31,31.0,30.0,33.857142857142854,3,2
2026-02-27,Tandoori Chicken,38,31.0,36.0,34.0,4,2
2026-02-28,Tandoori Chicken,41,38.0,41.0,34.285714285714285,5,2
2026-03-01,Tandoori Chicken,33,41.0,40.0,34.285714285714285,6,3
2026-03-02,Tandoori Chicken,32,33.0,29.0,33.285714285714285,0,3
2026-03-03,Tandoori Chicken,28,32.0,30.0,33.714285714285715,1,3
2026-03-04,Tandoori Chicken,30,28.0,31.0,33.42857142857143,2,3
2026-03-05,Tandoori Chicken,28,30.0,31.0,33.285714285714285,3,3
2026-03-06,Tandoori Chicken,35,28.0,38.0,32.857142857142854,4,3
2026-03-07,Tandoori Chicken,41,35.0,41.0,32.42857142857143,5,3
2026-03-08,Tandoori Chicken,36,41.0,33.0,32.42857142857143,6,3
2026-03-09,Tandoori Chicken,30,36.0,32.0,32.857142857142854,0,3
2026-03-10,Tandoori Chicken,32,30.0,28.0,32.57142857142857,1,3
2026-03-11,Tandoori Chicken,30,32.0,30.0,33.142857142857146,2,3
2026-03-12,Tandoori Chicken,29,30.0,28.0,33.142857142857146,3,3
2026-03-13,Tandoori Chicken,37,29.0,35.0,33.285714285714285,4,3
2026-03-14,Tandoori Chicken,42,37.0,41.0,33.57142857142857,5,3
2026-03-15,Tandoori Chicken,33,42.0,36.0,33.714285714285715,6,3
2026-03-16,Tandoori Chicken,30,33.0,30.0,33.285714285714285,0,3
2026-03-17,Tandoori Chicken,31,30.0,32.0,33.285714285714285,1,3
2026-03-18,Tandoori Chicken,29,31.0,30.0,33.142857142857146,2,3
2026-03-19,Tandoori Chicken,32,29.0,29.0,33.0,3,3
2026-03-20,Tandoori Chicken,35,32.0,37.0,33.42857142857143,4,3
2026-03-21,Tandoori Chicken,40,35.0,42.0,33.142857142857146,5,3
2026-03-22,Tandoori Chicken,35,40.0,33.0,32.857142857142854,6,3
2026-03-23,Tandoori Chicken,30,35.0,30.0,33.142857142857146,0,3
2026-03-24,Tandoori Chicken,28,30.0,31.0,33.142857142857146,1,3
2026-03-25,Tandoori Chicken,27,28.0,29.0,32.714285714285715,2,3
2026-03-26,Tandoori Chicken,32,27.0,32.0,32.42857142857143,3,3
2026-03-27,Tandoori Chicken,34,32.0,35.0,32.42857142857143,4,3
2026-03-28,Tandoori Chicken,38,34.0,40.0,32.285714285714285,5,3
2026-03-29,Tandoori Chicken,32,38.0,35.0,32.0,6,3
2026-03-30,Tandoori Chicken,29,32.0,30.0,31.571428571428573,0,3
2026-03-31,Tandoori Chicken,28,29.0,28.0,31.428571428571427,1,3
2026-04-01,Tandoori Chicken,32,28.0,27.0,31.428571428571427,2,4
2026-04-02,Tandoori Chicken,31,32.0,32.0,32.142857142857146,3,4
2026-04-03,Tandoori Chicken,34,31.0,34.0,32.0,4,4
2026-04-04,Tandoori Chicken,45,34.0,38.0,32.0,5,4
2026-04-05,Tandoori Chicken,37,45.0,32.0,33.0,6,4
2026-04-06,Tandoori Chicken,29,37.0,29.0,33.714285714285715,0,4
2026-04-07,Tandoori Chicken,26,29.0,28.0,33.714285714285715,1,4
2026-04-08,Tandoori Chicken,33,26.0,32.0,33.42857142857143,2,4
2026-04-09,Tandoori Chicken,27,33.0,31.0,33.57142857142857,3,4
2026-04-10,Tandoori Chicken,33,27.0,34.0,33.0,4,4
2026-04-11,Tandoori Chicken,42,33.0,45.0,32.857142857142854,5,4
2026-04-12,Tandoori Chicken,40,42.0,37.0,32.42857142857143,6,4
2026-04-13,Tandoori Chicken,32,40.0,29.0,32.857142857142854,0,4
2026-04-14,Tandoori Chicken,30,32.0,26.0,33.285714285714285,1,4
2026-04-15,Tandoori Chicken,30,30.0,33.0,33.857142857142854,2,4
2026-04-16,Tandoori Chicken,31,30.0,27.0,33.42857142857143,3,4
2026-04-17,Tandoori Chicken,37,31.0,33.0,34.0,4,4
2026-04-18,Tandoori Chicken,41,37.0,42.0,34.57142857142857,5,4
2026-04-19,Tandoori Chicken,36,41.0,40.0,34.42857142857143,6,4
2026-04-20,Tandoori Chicken,29,36.0,32.0,33.857142857142854,0,4
2026-04-21,Tandoori Chicken,28,29.0,30.0,33.42857142857143,1,4
2026-04-22,Tandoori Chicken,29,28.0,30.0,33.142857142857146,2,4
2026-04-23,Tandoori Chicken,27,29.0,31.0,33.0,3,4
2026-04-24,Tandoori Chicken,35,27.0,37.0,32.42857142857143,4,4
2026-04-25,Tandoori Chicken,38,35.0,41.0,32.142857142857146,5,4
2026-04-26,Tandoori Chicken,34,38.0,36.0,31.714285714285715,6,4
2026-04-27,Tandoori Chicken,30,34.0,29.0,31.428571428571427,0,4
2026-04-28,Tandoori Chicken,32,30.0,28.0,31.571428571428573,1,4
2026-04-29,Tandoori Chicken,31,32.0,29.0,32.142857142857146,2,4
2026-04-30,Tandoori Chicken,27,31.0,27.0,32.42857142857143,3,4
2026-05-01,Tandoori Chicken,34,27.0,35.0,32.42857142857143,4,5
2026-05-02,Tandoori Chicken,42,34.0,38.0,32.285714285714285,5,5
2026-05-03,Tandoori Chicken,34,42.0,34.0,32.857142857142854,6,5
2026-05-04,Tandoori Chicken,29,34.0,30.0,32.857142857142854,0,5
2026-05-05,Tandoori Chicken,30,29.0,32.0,32.714285714285715,1,5
2026-05-06,Tandoori Chicken,28,30.0,31.0,32.42857142857143,2,5
2026-05-07,Tandoori Chicken,30,28.0,27.0,32.0,3,5
2026-05-08,Tandoori Chicken,33,30.0,34.0,32.42857142857143,4,5
2026-05-09,Tandoori Chicken,39,33.0,42.0,32.285714285714285,5,5
2026-05-10,Tandoori Chicken,36,39.0,34.0,31.857142857142858,6,5
2026-05-11,Tandoori Chicken,27,36.0,29.0,32.142857142857146,0,5
2026-05-12,Tandoori Chicken,30,27.0,30.0,31.857142857142858,1,5
2026-05-13,Tandoori Chicken,29,30.0,28.0,31.857142857142858,2,5
2026-05-14,Tandoori Chicken,30,29.0,30.0,32.0,3,5
2026-05-15,Tandoori Chicken,36,30.0,33.0,32.0,4,5
2026-05-16,Tandoori Chicken,43,36.0,39.0,32.42857142857143,5,5
2026-05-17,Tandoori Chicken,36,43.0,36.0,33.0,6,5
2026-05-18,Tandoori Chicken,29,36.0,27.0,33.0,0,5
2026-05-19,Tandoori Chicken,30,29.0,30.0,33.285714285714285,1,5
2026-05-20,Tandoori Chicken,30,30.0,29.0,33.285714285714285,2,5
2026-05-21,Tandoori Chicken,30,30.0,30.0,33.42857142857143,3,5
2026-05-22,Tandoori Chicken,36,30.0,36.0,33.42857142857143,4,5
2026-05-23,Tandoori Chicken,39,36.0,43.0,33.42857142857143,5,5
2026-05-24,Tandoori Chicken,34,39.0,36.0,32.857142857142854,6,5
2026-05-25,Tandoori Chicken,27,34.0,29.0,32.57142857142857,0,5
2026-05-26,Tandoori Chicken,32,27.0,30.0,32.285714285714285,1,5
2026-05-27,Tandoori Chicken,28,32.0,30.0,32.57142857142857,2,5
2026-05-28,Tandoori Chicken,28,28.0,30.0,32.285714285714285,3,5
2026-05-29,Tandoori Chicken,34,28.0,36.0,32.0,4,5
2026-05-30,Tandoori Chicken,42,34.0,39.0,31.714285714285715,5,5
2026-05-31,Tandoori Chicken,35,42.0,34.0,32.142857142857146,6,5
2026-06-01,Tandoori Chicken,35,35.0,27.0,32.285714285714285,0,6
2026-06-02,Tandoori Chicken,31,35.0,32.0,33.42857142857143,1,6
2026-06-03,Tandoori Chicken,33,31.0,28.0,33.285714285714285,2,6
2026-06-04,Tandoori Chicken,31,33.0,28.0,34.0,3,6
2026-06-05,Tandoori Chicken,43,31.0,34.0,34.42857142857143,4,6
2026-06-06,Tandoori Chicken,41,43.0,42.0,35.714285714285715,5,6
2026-06-07,Tandoori Chicken,40,41.0,35.0,35.57142857142857,6,6
2026-06-08,Tandoori Chicken,34,40.0,35.0,36.285714285714285,0,6
2026-06-09,Tandoori Chicken,33,34.0,31.0,36.142857142857146,1,6
2026-06-10,Tandoori Chicken,32,33.0,33.0,36.42857142857143,2,6
2026-06-11,Tandoori Chicken,32,32.0,31.0,36.285714285714285,3,6
2026-06-12,Tandoori Chicken,39,32.0,43.0,36.42857142857143,4,6
2026-06-13,Tandoori Chicken,44,39.0,41.0,35.857142857142854,5,6
2026-06-14,Tandoori Chicken,41,44.0,40.0,36.285714285714285,6,6
2026-06-15,Tandoori Chicken,36,41.0,34.0,36.42857142857143,0,6
2026-06-16,Tandoori Chicken,32,36.0,33.0,36.714285714285715,1,6
2026-06-17,Tandoori Chicken,30,32.0,32.0,36.57142857142857,2,6
2026-06-18,Tandoori Chicken,32,30.0,32.0,36.285714285714285,3,6
2026-06-19,Tandoori Chicken,44,32.0,39.0,36.285714285714285,4,6
2026-06-20,Tandoori Chicken,42,44.0,44.0,37.0,5,6
2026-06-21,Tandoori Chicken,42,42.0,41.0,36.714285714285715,6,6
2026-06-22,Tandoori Chicken,35,42.0,36.0,36.857142857142854,0,6
2026-06-23,Tandoori Chicken,32,35.0,32.0,36.714285714285715,1,6
2026-06-24,Tandoori Chicken,33,32.0,30.0,36.714285714285715,2,6
2026-06-25,Tandoori Chicken,35,33.0,32.0,37.142857142857146,3,6
2026-06-26,Tandoori Chicken,38,35.0,44.0,37.57142857142857,4,6
2026-06-27,Tandoori Chicken,44,38.0,42.0,36.714285714285715,5,6
2026-06-28,Tandoori Chicken,38,44.0,42.0,37.0,6,6
2026-06-29,Tandoori Chicken,31,38.0,35.0,36.42857142857143,0,6
2026-06-30,Tandoori Chicken,31,31.0,32.0,35.857142857142854,1,6
2026-07-01,Tandoori Chicken,30,31.0,33.0,35.714285714285715,2,7
2026-07-02,Tandoori Chicken,33,30.0,35.0,35.285714285714285,3,7
2026-07-03,Tandoori Chicken,38,33.0,38.0,35.0,4,7
2026-07-04,Tandoori Chicken,45,38.0,44.0,35.0,5,7
2026-07-05,Tandoori Chicken,36,45.0,38.0,35.142857142857146,6,7
2026-07-06,Tandoori Chicken,33,36.0,31.0,34.857142857142854,0,7
2026-07-07,Tandoori Chicken,34,33.0,31.0,35.142857142857146,1,7
2026-07-08,Tandoori Chicken,29,34.0,30.0,35.57142857142857,2,7
2026-07-09,Tandoori Chicken,33,29.0,33.0,35.42857142857143,3,7
2026-07-10,Tandoori Chicken,42,33.0,38.0,35.42857142857143,4,7
2026-07-11,Tandoori Chicken,41,42.0,45.0,36.0,5,7
2026-07-12,Tandoori Chicken,42,41.0,36.0,35.42857142857143,6,7
2026-07-13,Tandoori Chicken,33,42.0,33.0,36.285714285714285,0,7
2026-07-14,Tandoori Chicken,31,33.0,34.0,36.285714285714285,1,7
2026-07-15,Tandoori Chicken,32,31.0,29.0,35.857142857142854,2,7
